id,domain,status,purchase_price,renewal_price,attractiveness,demand,length,registrar,created_at,expires_at,status_verified_at
8f2efa82-238e-4572-a5ba-c56be43a81c3,piecemeal.media,available,5.98,58.98,high,low,9,namecheap,,,10/08/2026 07:07
5472ec3d-4512-4ada-b46e-88a8574b1535,gull.media,available,5.98,58.98,high,low,4,namecheap,,,12/08/2026 15:08
a3ce87b1-b7ee-4999-bc62-67162f8d779b,crucially.media,available,5.98,58.98,medium,low,9,namecheap,,,14/09/2026 09:50
ddb1a992-d905-41b1-8db3-bd40a26b02ae,booster.media,resell,,,high,low,7,"Chengdu West Dimension Digital Technology Co., Ltd.",12/08/2023 15:15,12/08/2027 15:15,26/09/2026 04:33
51cd5d8c-dc35-4a51-b2d4-146244fdab24,holla.media,available,11.99,44.99,high,low,5,namesilo,,,23/09/2026 06:19
00119589-fe0d-4d67-9cf1-11b05e6e2cc2,pills.media,available,11.99,44.99,medium,low,5,namesilo,,,20/09/2026 04:26
9d5cc87e-2558-4b1d-98a1-6c359b293a7e,alterable.media,available,11.99,44.99,medium,low,9,namesilo,,,22/09/2026 02:18
fae05737-b2bb-43ca-9057-d930cca576c3,dapper.media,available,11.99,44.99,high,low,6,namesilo,,,25/09/2026 09:15
ab49de50-4792-4fb1-a89e-51bf92e07f51,visualise.media,available,5.98,58.98,high,low,9,namecheap,,,24/09/2026 16:40
088b8972-f4fe-4249-bf63-5247ce93facc,respondent.media,available,11.99,44.99,high,low,10,namesilo,,,22/09/2026 05:39
fa434590-ee89-4194-ad8b-ba13cf2986de,vocational.media,available,5.98,58.98,high,low,10,namecheap,,,13/09/2026 06:29
6b600d2b-0d9b-4898-ac5f-a70906c3ad0b,plier.media,available,7.99,,medium,low,5,name.com,,,
f294283b-984b-4cc6-90e4-e9355415f3c7,emeer.media,available,5.98,58.98,medium,low,5,namecheap,,,18/09/2026 18:00
72ce7306-7ac7-4211-bb92-dfddae34e416,tian.media,available,11.99,44.99,medium,low,4,namesilo,,,28/09/2026 16:02
28d74d0b-b729-4888-a06f-196722558f24,unpowered.media,available,5.98,58.98,medium,low,9,namecheap,,,12/09/2026 17:18
432553f6-caa8-4430-8a70-8ec311d59ac0,quartic.media,available,5.98,58.98,high,low,7,namecheap,,,10/08/2026 05:37
b498829b-a939-4202-abae-d47feab844e2,yummy.media,resell,,,high,low,5,"GoDaddy.com, LLC",22/07/2019 10:56,22/07/2027 10:56,26/09/2026 10:16
44d501cc-7abf-454a-8604-94fe51d66ac6,cheery.media,available,5.98,58.98,high,low,6,namecheap,,,12/08/2026 03:56
794282f9-029f-45bb-9a3a-641744792594,arachnoid.media,available,5.98,58.98,medium,low,9,namecheap,,,06/08/2026 11:41
0f8f0a66-35cf-443f-97e1-edb9a16183e5,compliment.media,available,11.99,44.99,high,low,10,namesilo,,,24/09/2026 16:50
6af8ee50-70c7-4791-9c64-4a5a4132ff96,khartoum.media,available,5.98,58.98,medium,low,8,namecheap,,,24/09/2026 12:25
81840f0d-4c0c-4296-95f6-4a2ad6480b23,urine.media,available,5.38,36.43,high,low,5,spaceship,,,28/09/2026 02:54
70536e12-7490-49c0-9a69-6706e9cfa8cb,companion.media,resell,,,high,low,9,Dynadot Inc,26/08/2026 17:00,26/08/2027 17:00,26/09/2026 05:09
a0050522-ad75-48d2-aec1-0a921c9fe903,beauteous.media,available,5.98,58.98,medium,low,9,namecheap,,,09/08/2026 05:58
9d4a7afd-9f51-43fe-89bf-4ed377d05b0c,obscurity.media,available,5.98,58.98,high,low,9,namecheap,,,16/09/2026 18:33
f0786a5d-040d-48f3-a890-19904c01596a,lovesome.media,available,5.98,58.98,high,low,8,namecheap,,,
d02f3255-069e-43ec-bf3b-368f147680f0,anthrax.media,available,11.99,44.99,medium,low,7,namesilo,,,19/09/2026 13:52
fcc06e60-0619-4877-bc4e-4862c721c744,aeolis.media,available,5.98,58.98,low,low,6,namecheap,,,17/09/2026 12:32
fd38b76a-6f8e-4355-b007-fd6110faa1be,strand.media,resell,,,high,low,6,"DNSPod, Inc.",13/03/2021 19:12,13/03/2027 19:12,26/09/2026 09:20
e73565aa-cc8c-49e6-ae86-cf45c77257ed,biologic.media,available,5.98,58.98,high,low,8,namecheap,,,10/08/2026 02:14
9f816b6a-3ee3-4a6e-93cb-ec8849cba641,disobedience.media,available,5.98,58.98,medium,low,12,namecheap,,,16/09/2026 12:19
4e1419ad-59c2-48da-8301-6a41e336a45c,alumina.media,available,5.98,58.98,medium,low,7,namecheap,,,18/09/2026 15:12
fb12fff6-b3b1-490c-ac6c-c490116c43ed,horatio.media,available,5.38,36.43,medium,low,7,spaceship,,,28/09/2026 00:17
861e5b88-3499-47d4-bffb-5e728c5ba9a7,catalonia.media,available,5.38,36.43,medium,low,9,spaceship,,,28/09/2026 09:16
8718ed6f-23f7-43a4-b7a6-ed85a34c281c,dodging.media,available,11.99,44.99,medium,low,7,namesilo,,,21/09/2026 09:51
6fca8c7e-f048-40e9-ae10-ec690cd2ebf2,loth.media,available,5.98,58.98,medium,low,4,namecheap,,,24/08/2026 08:19
79a4bf41-5d82-4e42-ac45-d4174a67f65c,kemp.media,available,11.99,44.99,medium,low,4,namesilo,,,29/09/2026 02:56
f39ad7ab-942c-47d2-9d02-106b90ae442c,abuser.media,available,5.98,58.98,medium,low,6,namecheap,,,16/09/2026 19:17
899462d2-45f9-4d88-a307-87621a61b0d9,wore.media,available,7.99,,medium,low,4,name.com,,,
8545a9b5-4a06-4c43-b4d4-2852c345f37a,ninety.media,available,,,high,low,6,,,,
f203ddb8-4cb9-4a4f-b5eb-7cfeb13182d2,alchemical.media,available,5.98,58.98,medium,low,10,namecheap,,,
5b8b5643-86d8-4c95-9bae-e34f209dfc23,prepare.media,available,5.98,58.98,high,low,7,namecheap,,,27/09/2026 10:25
4b468a94-f01b-455b-8723-e07b11e9c891,balboa.media,available,5.98,58.98,medium,low,6,namecheap,,,21/09/2026 21:24
421fdabc-73cf-4c37-86e5-7c2aea0c1d5e,vows.media,available,11.99,44.99,medium,low,4,namesilo,,,28/09/2026 04:45
7260e047-5026-4976-b023-0ba979d4fa69,bandsaw.media,available,11.99,44.99,high,low,7,namesilo,,,22/09/2026 00:49
a7b47bcd-8997-486c-9bfb-67428a260b8c,healed.media,available,5.98,58.98,high,low,6,namecheap,,,13/08/2026 11:04
ca42516d-c8b8-480c-883f-d4e1411ef299,leonardo.media,resell,,,high,low,8,,,,28/09/2026 18:51
ede33995-237c-4456-ab29-265360069484,lxxx.media,available,5.98,58.98,medium,low,4,namecheap,,,
adffda31-bfb8-41ef-923d-02853a8519eb,sleety.media,available,5.98,58.98,medium,low,6,namecheap,,,10/09/2026 10:41
f9de35f1-21d9-42ea-a4ca-8acc18ecb9ce,enrollment.media,available,5.38,36.43,high,low,10,spaceship,,,28/09/2026 02:45
8d8de21a-fa03-44d5-a338-b41a843571c8,resole.media,available,5.98,58.98,medium,low,6,namecheap,,,10/09/2026 13:33
7b0d7bfc-6721-4761-9e6b-37f76dbe9574,sul.media,premium,64.35,128.7,medium,low,3,namecheap,,,27/09/2026 10:19
cd43e4ef-3ab7-48cd-b543-54a9bfb3d6f4,gunn.media,available,11.99,44.99,medium,low,4,namesilo,,,27/09/2026 01:35
25c70653-c7b5-41cd-bf58-1ff66bbb40e3,invading.media,available,5.98,58.98,medium,low,8,namecheap,,,22/08/2026 02:12
4c2ba2f7-3542-42c4-bd98-44f5a5f268ee,downfall.media,available,11.99,44.99,medium,low,8,namesilo,,,24/09/2026 23:39
daf7c931-dfa8-4851-aa91-99f73d1dde32,negligible.media,available,5.98,58.98,medium,low,10,namecheap,,,03/09/2026 15:08
a6b036f0-b796-462d-a8c6-be1f0d344ce3,shrugs.media,available,11.99,44.99,medium,low,6,namesilo,,,20/09/2026 12:14
4be91e17-5899-4cb5-aa79-3ecbedd78bc8,mosey.media,available,11.99,44.99,medium,low,5,namesilo,,,18/09/2026 17:00
c324cb0b-4273-41ce-92c3-58f0e9600446,pegs.media,available,11.99,44.99,medium,low,4,namesilo,,,20/09/2026 09:49
acc0fa37-3003-4038-8323-879732f07934,humid.media,available,5.98,58.98,medium,low,5,namecheap,,,21/08/2026 15:17
274515d5-4f97-4311-aa54-476ee3f6b29b,abeyance.media,available,11.99,44.99,medium,low,8,namesilo,,,16/09/2026 15:20
9b611d31-8ffe-431b-88f1-9d2106db99c1,penciled.media,available,5.98,58.98,medium,low,8,namecheap,,,08/09/2026 13:55
088a9231-c32e-4734-b67c-f0f38cddd103,serous.media,available,5.98,58.98,medium,low,6,namecheap,,,10/09/2026 04:43
25bb4163-b36a-4270-998a-0b685d6db6fc,barack.media,available,11.99,44.99,high,low,6,namesilo,,,28/09/2026 07:27
cf091e2e-52a0-4c65-aa30-481607a95dab,himself.media,available,7.99,,medium,low,7,name.com,,,
f982fbaf-ca07-409c-9830-e692fae1a91f,bleach.media,available,5.98,58.98,high,low,6,namecheap,,,24/09/2026 03:49
a9329967-8a7a-4704-be1d-c868f681ee74,warhol.media,available,5.98,58.98,high,low,6,namecheap,,,19/09/2026 05:06
870b1737-1094-4b4a-9e39-dacbe7ddc839,parallel.media,resell,,,high,low,8,"Chengdu West Dimension Digital Technology Co., Ltd.",06/03/2021 09:35,06/03/2027 09:35,26/09/2026 08:01
d07004d0-4d34-4745-a7ef-5b0d303864c6,benefic.media,available,5.98,58.98,medium,low,7,namecheap,,,09/08/2026 14:18
7623b004-11b6-4a56-826c-d85152c556c0,concern.media,available,11.99,44.99,high,low,7,namesilo,,,29/09/2026 05:30
3586ec38-04ef-44a4-b1b0-b5200c7ae04e,results.media,resell,,,high,low,7,"Chengdu West Dimension Digital Technology Co., Ltd.",11/12/2019 02:26,11/12/2026 02:26,26/09/2026 08:38
9aa0ad27-26f9-4bb2-9353-612466732cb7,correlate.media,available,11.99,44.99,high,low,9,namesilo,,,23/09/2026 23:49
657e68f3-dcc9-4f01-9bb0-34900fb2c276,atomism.media,available,11.99,44.99,medium,low,7,namesilo,,,21/09/2026 00:24
d3fdb350-609f-443c-892a-28dac453534d,warty.media,available,5.98,58.98,medium,low,5,namecheap,,,13/09/2026 04:24
0c8b6bda-aa4a-469a-b863-734fc79adad6,stocked.media,available,5.98,58.98,medium,low,7,namecheap,,,10/09/2026 20:54
d475dacb-57ed-443c-9698-6e23348a8913,aerialist.media,available,7.99,60.99,high,low,9,name.com,,,17/09/2026 12:50
989a5e71-d5d4-4b8d-8417-07ca56f6d112,astragal.media,available,11.99,44.99,medium,low,8,namesilo,,,19/09/2026 09:44
3ae6bc76-4c77-494a-a8b2-96c70dcf9f80,solitary.media,available,5.98,58.98,medium,low,8,namecheap,,,24/08/2026 08:55
1ee5c904-8b5b-400a-ac55-68c9512b9d72,wheel.media,resell,,,high,low,5,"DNSPod, Inc.",18/08/2024 15:15,18/08/2027 15:15,27/09/2026 06:39
6377d2e3-c57b-4434-a8c9-9646a33381d7,bering.media,available,11.99,44.99,high,low,6,namesilo,,,23/09/2026 04:03
c14b2638-8209-4a43-a776-c4801739c992,accounted.media,available,7.99,,medium,low,9,name.com,,,
35988541-6610-41bc-a1c6-f9c48e387521,surroundings.media,available,11,44.99,high,low,12,unstoppable,,,28/09/2026 06:36
b264d8b4-ba99-4be1-b363-4ca685d8a0c2,clement.media,available,5.98,58.98,high,low,7,namecheap,,,12/08/2026 10:42
3634c4b1-a2c0-4ca4-83f4-628f2087af21,abstemious.media,available,5.98,58.98,medium,low,10,namecheap,,,
a553b0b5-af1e-4ede-aa30-a0cf93f18d77,idiomatic.media,available,5.98,58.98,medium,low,9,namecheap,,,21/08/2026 18:07
8efb59ca-2fe6-4185-a65c-5a53df9ba0da,graham.media,premium,64.35,128.7,high,low,6,namecheap,,,23/09/2026 16:49
599ad44f-5ef2-466d-ba59-9614960707a7,cloudburst.media,available,5.98,58.98,medium,low,10,namecheap,,,24/09/2026 16:03
2c248ecc-fb16-4876-b834-824f00734319,takes.media,available,7.99,,medium,low,5,name.com,,,
a10c6e91-520f-4ba2-994e-25c629c4e343,derelict.media,available,11.99,44.99,medium,low,8,namesilo,,,21/09/2026 13:39
4e7e71cb-241b-4816-a8ca-671d9beb10b9,marshy.media,available,5.98,58.98,medium,low,6,namecheap,,,10/08/2026 17:03
c30dfcc0-96db-4da0-96f5-37d06ba2d847,grouped.media,available,5.98,58.98,medium,low,7,namecheap,,,20/08/2026 20:22
46aba961-1518-4733-bba6-20139ac18962,barbu.media,available,11.99,44.99,medium,low,5,namesilo,,,22/09/2026 05:04
ba36c852-0c15-433f-a7e1-d2f81841e2ee,nutrify.media,available,11.99,44.99,medium,low,7,namesilo,,,18/09/2026 07:57
38401a97-0c13-43b8-8559-1915cb6c1699,vagina.media,available,35.2,35.2,high,low,6,cloudflare,,,28/09/2026 15:31
f5291830-b6b7-44b4-9d4a-72563955c225,cements.media,available,11.99,44.99,medium,low,7,namesilo,,,20/09/2026 09:07
07284f43-e72c-451f-9f7f-d01eb03af17a,lividity.media,available,5.98,58.98,medium,low,8,namecheap,,,17/09/2026 00:59
c0057697-071e-4cce-936f-ea7a8028a75d,gaze.media,resell,,,high,low,4,,,,28/09/2026 19:17
29d26f9e-665e-40e5-9286-8b3771b2dbc9,formally.media,available,5.98,58.98,medium,low,8,namecheap,,,14/09/2026 19:42
835186c9-c233-42d0-8e0b-d3559c3feae8,pram.media,available,11.99,44.99,high,low,4,namesilo,,,21/09/2026 13:20
d14414d4-ca11-47ed-8a41-ecd1552980f7,adipose.media,available,5.98,58.98,medium,low,7,namecheap,,,
65b30b02-be3b-4e5d-a2a8-d398be647c69,analyzable.media,available,5.98,58.98,medium,low,10,namecheap,,,
afcfddad-dc6d-4e60-addd-d9f76b857647,dismissal.media,available,7.99,,high,low,9,name.com,,,
5ab729c0-5950-4781-851a-a3512088bc8b,external.media,available,5.98,58.98,high,low,8,namecheap,,,17/08/2026 19:09
bcb3d087-c5dc-4410-a559-97e1357a7a4b,doubts.media,available,5.38,36.43,low,low,6,spaceship,,,28/09/2026 04:45
f1bbaf42-1185-4d61-825c-39705b9368d2,abreaction.media,available,11.99,44.99,medium,low,10,namesilo,,,16/09/2026 17:06
9851c1fd-e6fc-4fd4-96db-1580e8e8fb85,robbed.media,available,11.99,44.99,low,low,6,namesilo,,,27/09/2026 02:44
583375b8-128f-4500-9078-5f5784bae464,lucerne.media,available,11.99,44.99,high,low,7,namesilo,,,18/09/2026 06:08
72eae58b-79e7-4737-a2aa-b6e5163090a5,geodetic.media,available,5.98,58.98,medium,low,8,namecheap,,,18/08/2026 22:21
4b743fcd-ea7d-4b79-a03c-21d0ab6a897f,prolonged.media,available,5.98,58.98,high,low,9,namecheap,,,14/08/2026 18:34
4c840c05-5dda-45f2-b77c-b48d4706a277,frock.media,available,5.98,58.98,medium,low,5,namecheap,,,14/08/2026 18:55
26a7cb7c-4e39-4466-98e5-9b10d5423959,joanna.media,available,11.99,44.99,high,low,6,namesilo,,,25/09/2026 11:35
adfbcd36-8608-4f50-a95e-35aabca2e072,monestrous.media,available,5.98,58.98,low,low,10,namecheap,,,25/08/2026 04:32
71f30670-c4c2-496a-9733-66551099a149,ornate.media,available,5.98,58.98,high,low,6,namecheap,,,04/09/2026 17:59
e0f3403e-3f30-45f4-b5b2-5b0cb14d2c13,counted.media,available,7.99,,medium,low,7,name.com,,,
f6af6b7e-b6fa-46ec-ac45-7b5ef9363298,unbalanced.media,available,5.98,58.98,medium,low,10,namecheap,,,11/08/2026 01:50
aed85ac5-3ba6-438d-b6f8-0e505f1122e5,atenolol.media,available,5.98,58.98,medium,low,8,namecheap,,,20/09/2026 20:09
a7442626-943e-4c71-9e4f-c1e23e4eb317,jurassic.media,available,5.98,58.98,high,low,8,namecheap,,,22/08/2026 14:38
770682fb-0e64-40ba-9fbc-220ffb83f1b9,activating.media,available,5.98,58.98,high,low,10,namecheap,,,
5e83c21b-d74f-4205-9680-ef3a7747f693,ribbon.media,resell,,,high,low,6,UM DOMAINS PTE. LTD,20/01/2026 15:15,20/01/2027 15:15,26/09/2026 08:40
82c64602-8ecf-4888-9140-7102e7d9e769,underclass.media,available,5.98,58.98,medium,low,10,namecheap,,,12/09/2026 07:22
77bbd925-c62d-4dc9-8906-d369ced45324,azotic.media,available,5.98,58.98,medium,low,6,namecheap,,,08/08/2026 02:53
19b168fe-9937-41ea-a853-e70d2eb78c86,arcminute.media,available,11.99,44.99,medium,low,9,namesilo,,,20/09/2026 02:40
629745fc-16da-4d51-8ca9-fe2fe22f7d95,breads.media,available,5.98,58.98,medium,low,6,namecheap,,,18/09/2026 04:07
4a50fd34-cecc-4b18-bcc1-6f0c149852a0,farsighted.media,available,5.98,58.98,medium,low,10,namecheap,,,17/08/2026 22:41
030f610a-9706-4436-a4ab-670e105a40a0,transported.media,available,11.99,44.99,medium,low,11,namesilo,,,16/09/2026 07:05
26b0b51e-2f59-42ee-ad9a-d7c07c1942d4,fissile.media,available,5.98,58.98,medium,low,7,namecheap,,,18/08/2026 05:34
754c5801-b33c-4c2e-b3e9-91015784d56e,ptolemaic.media,available,5.98,58.98,medium,low,9,namecheap,,,09/09/2026 05:10
c8e86e63-d88b-4bfc-b123-7f64d9bb57ba,scarecrow.media,available,11.99,44.99,high,low,9,namesilo,,,23/09/2026 19:41
7ed2bb30-4304-48c4-86fc-72f31ce9ff19,romeo.media,available,11.99,44.99,high,low,5,namesilo,,,27/09/2026 05:10
f85cde74-f808-46cd-919c-ee914fccd4d0,disrupt.media,resell,,,high,low,7,"Global Domains International, Inc. DBA DomainCostClub.com",07/01/2025 15:15,07/01/2027 15:15,26/09/2026 05:36
024d2589-ce2b-4550-8035-7d2930afc83a,stickup.media,available,11.99,44.99,medium,low,7,namesilo,,,20/09/2026 06:38
860f14b8-3f66-4d83-a01e-217736934c6a,captious.media,available,5.98,58.98,medium,low,8,namecheap,,,11/08/2026 18:18
1613ee0d-b10b-417a-bb0f-394bc25369b7,penial.media,available,5.98,58.98,medium,low,6,namecheap,,,08/09/2026 14:23
66680fc7-2c1d-4111-977c-a32ca70ade7c,larboard.media,available,5.98,58.98,medium,low,8,namecheap,,,22/08/2026 19:51
7535f803-c640-46ab-947e-04068482d916,muscle.media,resell,,,high,low,6,"DNSPod, Inc.",08/03/2022 13:15,08/03/2027 13:15,26/09/2026 07:41
9440cf97-fde2-497b-b568-de3d22b14e80,ostensive.media,available,5.98,58.98,medium,low,9,namecheap,,,04/09/2026 18:31
a1153a89-da5b-4ac1-ac87-f79a61cd0431,educated.media,available,5.98,58.98,high,low,8,namecheap,,,24/09/2026 13:27
13ee2688-689e-4e69-bffc-bc98a0a1ad75,immoderate.media,available,5.98,58.98,medium,low,10,namecheap,,,21/08/2026 21:07
32b6f644-6efa-4a07-b533-ce1e80be50f3,branched.media,available,5.98,58.98,high,low,8,namecheap,,,09/08/2026 20:12
7f645bb5-4487-4a57-b260-cbe9e32ff57d,navarino.media,available,11.99,44.99,medium,low,8,namesilo,,,22/09/2026 15:32
77e3d074-86eb-4fb1-a520-05ea5aea79ea,torre.media,available,35.2,35.2,medium,low,5,cloudflare,,,28/09/2026 03:40
dd5c115a-a72e-483c-a2ef-62e5ebd337b1,rusted.media,available,5.98,58.98,medium,low,6,namecheap,,,09/09/2026 20:17
670581cb-cf71-45e8-a918-ba51d6bd286b,eugenic.media,available,5.98,58.98,medium,low,7,namecheap,,,17/08/2026 14:11
b38a41ec-9272-4897-8bd0-3aa6e7d869d0,assassination.media,available,11.99,44.99,medium,low,13,namesilo,,,28/09/2026 11:16
532ad348-8d58-4ba5-b01f-ba22c072f542,graz.media,available,11.99,44.99,medium,low,4,namesilo,,,29/09/2026 01:07
6d25426e-1cd8-46c4-89e3-01d74289a1fd,haughty.media,available,5.98,58.98,medium,low,7,namecheap,,,21/08/2026 01:24
1ebd8d70-5c77-4398-af97-4b3866c5eb6c,ferned.media,available,5.98,58.98,medium,low,6,namecheap,,,18/08/2026 01:58
9d7e90b8-e623-45af-926e-6b2756c7dc90,alep.media,available,11.99,44.99,medium,low,4,namesilo,,,18/09/2026 05:14
5364f0a8-4c01-44aa-b5b0-028a9685fb2c,fears.media,available,11.99,44.99,medium,low,5,namesilo,,,27/09/2026 08:58
ed0ed961-c76a-44d8-acf4-951a14dff59c,und.media,premium,78.54,78.54,high,low,3,namesilo,,,25/09/2026 11:22
75739b3e-a3f0-4ffb-9d96-ce96a45ac5b1,tilled.media,available,5.98,58.98,medium,low,6,namecheap,,,11/09/2026 15:57
5998cbee-d731-4e76-864b-76b4cbc5fbc7,bosky.media,available,5.98,58.98,medium,low,5,namecheap,,,10/08/2026 20:17
12a74b91-2e86-4489-86f7-72c3ce3d95b0,unalike.media,available,5.98,58.98,medium,low,7,namecheap,,,12/09/2026 00:26
1a357ad0-d2b6-4941-a000-f33cfe13cd2b,whiskey.media,resell,,,high,low,7,,,,27/09/2026 16:19
32fcf404-0788-47e3-8563-f7e1fac137f5,unafraid.media,available,5.98,58.98,high,low,8,namecheap,,,10/09/2026 01:28
c505dc31-dfbd-41f5-8ebf-2d07178fd204,provide.media,available,11.99,44.99,high,low,7,namesilo,,,25/09/2026 13:12
c366ea04-cf65-447d-a1fd-6f1c4046de2d,affirmer.media,available,11.99,44.99,medium,low,8,namesilo,,,17/09/2026 14:33
ca06c3a4-ac38-42cd-a1bf-0da8a46e5e20,continent.media,resell,,,high,low,9,"Xiamen ChinaSource Internet Service Co., Ltd",25/05/2025 15:15,25/05/2027 15:15,26/09/2026 05:13
fe43f187-0e59-4964-8bcf-5fc31dcf0db5,siri.media,available,,,high,high,4,,,,
18ed1f04-447b-4129-a14e-76f7c5937d82,beings.media,available,11.99,44.99,medium,low,6,namesilo,,,27/09/2026 02:57
d698fbfb-912f-475d-af7c-c158c66b9fa3,chatbot.media,resell,,,high,medium,7,Dynadot Inc,28/08/2026 17:00,28/08/2027 17:00,26/09/2026 04:52
4ff3fea4-fa5a-462e-9b10-32025a972e08,recording.media,available,7.99,,high,low,9,name.com,,,
2009e379-3275-47f8-a2dc-06517115131b,fretted.media,available,5.98,58.98,medium,low,7,namecheap,,,18/08/2026 15:24
cfc0a1cc-eede-4944-9e77-73eae682d0da,vigilance.media,available,11.99,44.99,high,low,9,namesilo,,,18/09/2026 05:28
f83d28fc-1d41-4a45-abdb-cce4b84fbfb0,goddess.media,resell,,,high,low,7,,,,27/09/2026 13:50
c1832c73-e538-4963-bbab-ffd4043a7c24,bilimbi.media,available,11.99,44.99,medium,low,7,namesilo,,,21/09/2026 09:13
d8a27348-1b7e-4de9-bc68-2afe9800cc83,basinet.media,available,11.99,44.99,medium,low,7,namesilo,,,22/09/2026 10:57
10f60fa6-d6a3-4a56-b838-806c65082501,hooligan.media,available,5.98,58.98,medium,low,8,namecheap,,,11/08/2026 08:39
b2c89f81-167b-4844-9a5a-ce7370335e1a,ageing.media,available,11.99,44.99,high,low,6,namesilo,,,21/09/2026 22:43
a3e967ec-3f43-4408-81ed-a8b790bdb1f1,appearing.media,available,5.98,58.98,high,low,9,namecheap,,,19/09/2026 20:25
10b2006f-191e-4b70-bfc2-6f7176abde64,waldo.media,available,4.5,37.67,medium,low,5,dynadot,,,27/09/2026 20:38
231bae61-9ebb-42f9-adda-a701ef793519,teens.media,available,7.99,,high,low,5,name.com,,,
97d88ee7-085f-4a2c-89b6-654c4e0eceaf,attended.media,available,11.99,44.99,medium,low,8,namesilo,,,22/09/2026 11:17
fce57b84-53e9-45f4-9302-d71c220af574,optimized.media,resell,,,medium,low,9,,,,27/09/2026 22:29
1f7964d9-d053-444a-950d-c539d7764f54,pointing.media,available,11.99,44.99,high,low,8,namesilo,,,27/09/2026 08:31
52d7a300-3912-42e8-a1e7-a06f0bb626de,teenagers.media,available,11.99,44.99,medium,low,9,namesilo,,,28/09/2026 13:27
877f492d-b47b-4c71-ae3a-2edb99a89db6,myalgic.media,available,5.98,58.98,medium,low,7,namecheap,,,03/09/2026 11:57
4604b7ca-1517-4b0e-a95c-acaad3671bf1,rightist.media,available,5.98,58.98,medium,low,8,namecheap,,,09/09/2026 17:31
296a963a-c0c0-47f6-9b32-a84edd66c8eb,boats.media,premium,242,242,high,low,5,namesilo,,,17/09/2026 16:33
85e70ec7-c0a5-4f69-97cf-37f82dd15aa8,drafted.media,available,11.99,44.99,medium,low,7,namesilo,,,29/09/2026 04:48
ede68ec2-7002-4c75-96a8-7bd8976c508a,baddie.media,available,11.99,44.99,medium,low,6,namesilo,,,21/09/2026 16:59
ef2069e1-ef48-4be8-9233-2eb01bafaaa8,sentential.media,available,5.98,58.98,medium,low,10,namecheap,,,10/09/2026 03:50
9c6c5cb3-2b5f-4341-a3e3-97e864bd28a1,mating.media,available,5.38,36.43,high,low,6,spaceship,,,28/09/2026 06:22
54363849-aceb-4b94-851f-c6ee663b8972,binge.media,resell,,,high,low,5,"Global Domains International, Inc. DBA DomainCostClub.com",04/02/2026 15:16,04/02/2027 15:16,26/09/2026 04:25
0ec9ba09-9ea1-48b0-837f-28c0f598c9c8,aculeus.media,available,11.99,44.99,medium,low,7,namesilo,,,17/09/2026 05:33
c30fefbb-4d2e-47a7-ad72-6a4464eadc80,chairs.media,available,5.98,58.98,medium,low,6,namecheap,,,17/09/2026 18:32
b802ca2c-db28-4a11-9fb9-da5e5b9c74a8,obstructed.media,available,5.98,58.98,medium,low,10,namecheap,,,04/09/2026 00:05
96ed1a3f-c349-4367-8b8c-309971756737,executives.media,available,11.99,44.99,medium,low,10,namesilo,,,21/09/2026 01:35
8ad008ef-19f4-419e-abaf-e5a66db8ed66,dishonor.media,available,7.99,,medium,low,8,name.com,,,
3f0c2b5b-d0ef-466f-8545-c90738b3ae50,piglet.media,available,11.99,44.99,high,low,6,namesilo,,,19/09/2026 22:30
c17d0d84-91d0-40a3-bb0c-1844c84cf938,sunbaked.media,available,5.98,58.98,medium,low,8,namecheap,,,
39819b7e-8bf7-48b1-8863-92b2c1d1a16e,fungal.media,available,5.98,58.98,medium,low,6,namecheap,,,18/08/2026 18:28
56c18bea-c97a-4cde-8dae-7c6033ecab11,obdurate.media,available,5.98,58.98,medium,low,8,namecheap,,,13/08/2026 12:15
7cd922b1-ad88-47c2-8d7e-52d7ecdffa1c,passable.media,available,11.99,44.99,medium,low,8,namesilo,,,24/09/2026 16:16
76e88385-2933-4938-b327-4b2311fe7e69,unbeatable.media,available,11.99,44.99,high,low,10,namesilo,,,25/09/2026 11:12
20681940-275a-44a9-a27b-f490af32a40e,fissure.media,available,5.98,58.98,high,low,7,namecheap,,,13/08/2026 04:18
798701f1-2fee-47eb-b585-eeddcfae69e8,panther.media,resell,,,high,low,7,"Global Domains International, Inc. DBA DomainCostClub.com",26/11/2025 15:15,26/11/2026 15:15,26/09/2026 08:01
d578ab9c-ae65-484e-9165-0b56dd67664a,flummox.media,available,11.99,44.99,medium,low,7,namesilo,,,21/09/2026 17:31
a80fa48a-cf1a-4b2f-9f2e-7916ba6813b1,motored.media,available,5.98,58.98,medium,low,7,namecheap,,,25/08/2026 08:30
c8e41002-b0cf-41a1-9336-8f761946231f,cultivator.media,available,5.98,58.98,high,low,10,namecheap,,,17/09/2026 19:20
a259e487-cff2-4e53-8c36-d72528a87e02,pest.media,available,11,,medium,low,4,unstoppable,,,28/09/2026 18:26
6340952b-ba70-48bf-8800-d5e314c8dc01,showering.media,available,7.99,,high,low,9,name.com,,,
fa365cc1-fa9d-4427-a481-c4424436def9,opulent.media,resell,,,high,low,7,Dynadot Inc,21/02/2026 13:06,21/02/2027 13:06,26/09/2026 07:55
826c38ff-38df-4fb6-9f00-bae116a7ca4d,contained.media,available,11.99,44.99,high,low,9,namesilo,,,23/09/2026 21:42
5edfca7f-3bfd-405e-bd99-d04ac12b813e,doze.media,available,11.99,44.99,high,low,4,namesilo,,,24/09/2026 23:43
f28162b7-cf68-4fd8-8db0-af6a74a7654b,users.media,available,11.99,44.99,medium,low,5,namesilo,,,17/09/2026 23:19
bf9182d7-7837-4774-bb0a-4f3319feb125,garfish.media,available,11.99,44.99,medium,low,7,namesilo,,,23/09/2026 16:11
19067a50-d3aa-4478-a78f-587ae256eb68,pours.media,available,11.99,44.99,medium,low,5,namesilo,,,18/09/2026 07:35
df11df15-91ba-49aa-9874-0588258ee2e7,spiraling.media,available,5.98,58.98,medium,low,9,namecheap,,,12/08/2026 16:12
f0c3b678-3651-43c4-818f-2b774f9a682b,battledore.media,available,5.98,58.98,medium,low,10,namecheap,,,21/09/2026 17:16
964c5dd2-3c87-44fa-9586-d5ffda871ebc,abdullah.media,available,35.2,35.2,high,low,8,cloudflare,,,28/09/2026 03:48
2774920e-a9ef-4e7d-b052-be82d477cf3d,squandered.media,available,5.98,58.98,medium,low,10,namecheap,,,10/09/2026 17:24
d735997a-8716-4d28-ae1e-da899e128256,sterling.media,resell,,,high,low,8,"Chengdu West Dimension Digital Technology Co., Ltd.",07/02/2024 15:15,07/02/2027 15:15,26/09/2026 09:18
f9a201b6-523e-4722-a09a-7046f3872c56,dayspring.media,available,5.98,58.98,high,low,9,namecheap,,,11/09/2026 02:07
205f75d2-6ea7-45c6-bab7-abe87a0fe74f,thy.media,premium,78.54,78.54,medium,low,3,namesilo,,,28/09/2026 15:36
ad708a49-bb7f-42a6-87fa-e9cb5778ce42,mutinous.media,available,5.98,58.98,medium,low,8,namecheap,,,03/09/2026 11:55
655ec249-e75b-47dc-8f23-9c9715319949,alfatah.media,available,11.99,44.99,medium,low,8,namesilo,,,18/09/2026 00:22
f1953895-3089-45ec-a079-c65d52745a3b,geothermic.media,available,5.98,58.98,medium,low,10,namecheap,,,18/08/2026 22:41
47c0f856-b50d-46aa-b83b-822dc694809c,rueful.media,available,5.98,58.98,medium,low,6,namecheap,,,12/08/2026 23:38
44163d73-9c9e-4e43-ae34-c0d4ee7bb324,surround.media,available,11.99,44.99,high,low,8,namesilo,,,24/09/2026 07:28
d23c7eeb-e43f-4a65-aec4-fcf467455862,snuggled.media,available,5.98,58.98,medium,low,8,namecheap,,,03/09/2026 15:48
a4216b10-8073-4792-9bd3-de311362ebb6,unsaved.media,available,5.98,58.98,medium,low,7,namecheap,,,12/09/2026 17:57
c0ade602-824c-41cb-87eb-1e31df58bde6,catch.media,resell,,,high,low,5,"Chengdu West Dimension Digital Technology Co., Ltd.",19/01/2024 15:15,19/01/2027 15:15,28/09/2026 22:15
2d8b920e-db52-4136-b6d6-a78f059a5866,sinuous.media,available,5.98,58.98,medium,low,7,namecheap,,,10/09/2026 08:38
7511f1ce-9164-42a9-b1c6-f125682bb9e6,alcaeus.media,available,11.99,44.99,medium,low,7,namesilo,,,18/09/2026 03:40
ab204083-527e-44ee-995f-bfe03cb7cc26,dolls.media,available,4.63,36.56,medium,low,5,porkbun,,,28/09/2026 09:09
bab050fd-7c6d-43bd-be5a-0b05161d5e66,judgment.media,available,7.99,,high,low,8,name.com,,,
59550dc3-de51-47dd-bd52-56fb48cd86fd,prototypal.media,available,5.98,58.98,medium,low,10,namecheap,,,06/08/2026 15:37
bf308c33-cbb2-47ad-a256-38d2a4bbcd4e,ostensible.media,available,5.98,58.98,medium,low,10,namecheap,,,04/09/2026 18:29
f551950b-2bf0-469d-819d-d8868dbab88c,advertising.media,premium,414.2,828.2,high,low,11,spaceship,,,28/09/2026 04:51
dc482f0f-a743-4e40-bf80-fcf8385fe504,echoless.media,available,5.98,58.98,medium,low,8,namecheap,,,14/08/2026 23:38
8c4a64a0-e9c0-4b2d-b391-63ba77a323f1,cigar.media,resell,,,high,low,5,,,,28/09/2026 01:40
86090002-3d67-4c12-abfa-50d1d4de2fb0,cushioned.media,available,5.98,58.98,high,low,9,namecheap,,,13/08/2026 11:53
932fcb98-f512-4ca2-875d-f8c6205999db,pally.media,available,5.98,58.98,high,low,5,namecheap,,,12/08/2026 07:42
c8adf9c3-0bd3-42e6-a11d-f6a951890209,spent.media,available,5.98,58.98,medium,low,5,namecheap,,,14/08/2026 14:53
63f9b771-6ad3-49b0-aeef-6790cad9a8f8,glaswegian.media,available,5.98,58.98,medium,low,10,namecheap,,,20/08/2026 14:14
3968f930-ac2a-4e93-ac52-6c2ff623285e,ataxia.media,available,5.98,58.98,medium,low,6,namecheap,,,20/09/2026 19:46
60d56d4c-57ce-442d-93a6-e43d43921889,brings.media,available,11.99,44.99,medium,low,6,namesilo,,,18/09/2026 15:15
caf372a2-0aed-4e7e-bef6-9d886070a5eb,operators.media,available,5.38,36.43,medium,low,9,spaceship,,,28/09/2026 09:08
bedb8041-95d7-43c0-be35-99e74c3c9499,grime.media,available,7.99,60.99,medium,low,5,name.com,,,14/08/2026 09:15
2e1ee17a-45cf-4472-8353-7184abca4caf,kidney.media,available,7.99,,high,low,6,name.com,,,
88602331-5afc-49bd-90f2-306289fa1d9f,rates.media,available,5.38,36.43,high,low,5,spaceship,,,28/09/2026 10:47
af3b2686-4e85-46af-86e1-824c5492b1ae,montpelier.media,available,5.98,58.98,medium,low,10,namecheap,,,24/09/2026 12:33
15ba1e65-af99-4ff7-9bfe-a6dabac700ed,renewal.media,available,7.99,,high,low,7,name.com,,,
610cd914-1c9f-46be-a627-e828d0722bcd,attach.media,available,5.98,58.98,high,low,6,namecheap,,,23/09/2026 19:57
2b5121f2-278b-4361-a59e-9ec28ffb8bac,privileges.media,available,5.38,36.43,low,low,10,spaceship,,,28/09/2026 17:31
229b939c-a306-46ae-a478-541f3b0bc270,sculpture.media,available,5.98,58.98,high,low,9,namecheap,,,20/08/2026 18:45
16368579-af6c-4b1b-be7b-cc5903b114cb,birthright.media,available,5.98,58.98,high,low,10,namecheap,,,23/09/2026 21:20
013f6e17-b5c4-4834-9d89-ebffe241f65d,fours.media,available,7.99,60.99,high,low,5,name.com,,,20/09/2026 08:08
b39d3483-291d-4749-84a1-498bbd9fb67e,sketches.media,available,11,,medium,low,8,unstoppable,,,28/09/2026 23:25
35dc3e1f-e64f-466b-b06f-4e5514295719,alienator.media,available,11.99,44.99,medium,low,9,namesilo,,,18/09/2026 07:36
f710277e-50d7-4431-b1a2-89062787717f,nation.media,resell,,,high,low,6,"Chengdu West Dimension Digital Technology Co., Ltd.",20/12/2018 08:37,20/12/2026 08:37,29/09/2026 03:15
a6ea323f-462a-4573-8ef6-23a834cb84f3,beadwork.media,available,5.98,58.98,high,low,8,namecheap,,,22/09/2026 19:29
16081930-244d-487e-a596-9cc24f0c4b39,despoiled.media,available,5.98,58.98,medium,low,9,namecheap,,,14/08/2026 04:23
d9d612fa-67b3-4f9c-bc49-4d16be8fae6c,listener.media,available,11.99,44.99,high,low,8,namesilo,,,21/09/2026 01:30
f413ebf4-9a87-4ab5-8235-306c96c86294,litre.media,available,5.98,58.98,medium,low,5,namecheap,,,22/08/2026 17:09
094fc0dd-e75b-41e2-b0b5-f8cf8f4c0089,tasselled.media,available,5.98,58.98,medium,low,9,namecheap,,,11/09/2026 08:58
f88b3b77-776d-4752-87bf-1ed921972a17,antitype.media,available,11.99,44.99,medium,low,8,namesilo,,,19/09/2026 15:14
8c976f83-ad92-4592-8840-ce191fb486aa,wonderful.media,resell,,,high,low,9,"Xiamen ChinaSource Internet Service Co., Ltd",02/10/2020 08:17,02/10/2027 08:17,29/09/2026 04:53
8780319d-9060-49c2-ad1d-a2c57dbecc56,gradable.media,available,5.98,58.98,medium,low,8,namecheap,,,08/09/2026 03:31
5d61d84b-552e-4799-91c1-08adc9a0c073,ourselves.media,available,11.99,44.99,medium,low,9,namesilo,,,27/09/2026 08:55
641c32cc-acf0-421c-9e66-8d719bdeeb3c,ciliate.media,available,5.98,58.98,medium,low,7,namecheap,,,12/08/2026 08:06
13ba92ad-a67e-48ea-b02a-ab2f49e05bb9,pentad.media,available,5.98,58.98,medium,low,6,namecheap,,,
1e03c19e-799e-4d9a-97a6-29d54c9a9d79,refreshed.media,available,11.99,44.99,high,low,9,namesilo,,,25/09/2026 11:08
1c85c334-460f-4c50-b6e6-feca86a76a96,jewish.media,premium,78.54,78.54,high,low,6,namesilo,,,25/09/2026 11:48
67c3515b-2e8d-4d5b-a510-a2a6f43886f3,reentrant.media,available,5.98,58.98,medium,low,10,namecheap,,,09/09/2026 10:51
3726ec65-847f-4d58-8adc-0923d2d5b9a1,closet.media,available,11.99,44.99,high,low,6,namesilo,,,24/09/2026 15:59
75083917-6fa2-4844-b07c-9e6167c1b5f1,impeccably.media,available,5.98,58.98,medium,low,10,namecheap,,,15/09/2026 02:11
f5ba6845-6bc8-4a31-9797-02f76f7fb4b7,ine.media,premium,78.54,78.54,medium,low,3,namesilo,,,28/09/2026 08:13
6b8c589f-0200-40aa-973a-91ca6caaa3ee,chive.media,available,11.99,44.99,high,low,5,namesilo,,,18/09/2026 11:28
a7da51e4-add3-4d5d-a301-820c30f8dbfd,deprave.media,available,5.98,58.98,medium,low,7,namecheap,,,13/08/2026 02:24
e9fbc9fd-993c-4606-aef5-c9b4bc951883,exceptions.media,available,35.2,35.2,low,low,10,cloudflare,,,28/09/2026 23:04
2985c88a-be9f-4a09-b0ef-32639e98cfb2,xlvii.media,available,5.98,58.98,medium,low,5,namecheap,,,
5adb7f2b-ef4d-44bb-8bda-734a7c82f754,extent.media,available,11.99,44.99,high,low,6,namesilo,,,28/09/2026 05:39
2a835197-8a4f-46a1-bd44-1b1808b8acb5,alveolus.media,available,11.99,44.99,medium,low,8,namesilo,,,17/09/2026 22:03
34fc18fa-44c9-444f-af99-e223f56cb087,oily.media,available,5.98,58.98,medium,low,4,namecheap,,,11/08/2026 11:42
5a4f134f-a4f2-4c78-a291-cb9d348ba301,fruiting.media,available,5.98,58.98,medium,low,8,namecheap,,,18/08/2026 17:04
4a3fc01b-e767-472e-b38a-df71cdaeafb9,surprises.media,available,11.99,44.99,medium,low,9,namesilo,,,20/09/2026 10:56
31b28517-83a5-4b8b-a48b-c3a63d2b8c23,tubby.media,available,5.98,58.98,medium,low,5,namecheap,,,08/09/2026 22:29
be8f9a0e-573a-4607-9718-9856e8928c89,flavorless.media,available,5.98,58.98,medium,low,10,namecheap,,,10/08/2026 12:57
07ef339c-892a-461e-9d20-0ebe45cf4704,massage.media,resell,,,high,low,7,"DNSPod, Inc.",27/12/2020 10:14,27/12/2026 10:14,26/09/2026 07:27
af1f4a4f-8ed8-4496-b11a-10de5d4513de,personality.media,available,11.99,44.99,high,low,11,namesilo,,,25/09/2026 16:45
0e6341f4-8a3b-4afd-a423-aa55373ee3ed,keenness.media,available,11.99,44.99,high,low,8,namesilo,,,21/09/2026 09:30
26cf773f-b11f-430f-89ea-634785d32f6a,garbanzo.media,available,5.98,58.98,medium,low,8,namecheap,,,24/09/2026 14:31
754d3766-5723-40ec-acbb-9e2f146a2363,supposed.media,available,5.98,58.98,high,low,8,namecheap,,,23/09/2026 20:34
f11aa30b-7163-4adf-b1c6-8aaf053bc959,curvy.media,available,5.98,58.98,high,low,5,namecheap,,,10/08/2026 20:32
e9dfa55c-5dd4-4198-b29b-fb409436342f,alkene.media,available,11.99,44.99,medium,low,6,namesilo,,,18/09/2026 08:28
d1ed35d6-c47c-4dd0-9624-1cb2606c2545,physic.media,available,11.99,44.99,medium,low,6,namesilo,,,28/09/2026 07:44
e3bf811e-2ca0-4924-b344-73e6bb719c58,blowing.media,available,11.99,44.99,medium,low,7,namesilo,,,25/09/2026 00:21
abba5988-85c5-4ab4-bb4e-98c51dcc6151,laxative.media,available,5.98,58.98,high,low,8,namecheap,,,22/08/2026 21:25
18f53b3f-37b1-4cac-8672-3b14fe093faf,scary.media,available,5.98,58.98,high,low,5,namecheap,,,12/08/2026 05:23
ab3e4f4d-0411-44c2-8c6d-a1ffd9daba25,tippytoe.media,available,5.98,58.98,medium,low,8,namecheap,,,11/09/2026 16:22
9c6751cf-0b82-4cbf-abf5-02d8cfa47ca1,pupil.media,available,5.38,36.43,high,low,5,spaceship,,,28/09/2026 09:33
65a69f2f-1e6d-454c-8ed9-0966b90000b2,referee.media,available,5.38,36.43,high,low,7,spaceship,,,28/09/2026 10:49
12607189-ec5e-4f1e-8ea1-9ee68ccff6f4,dollarfish.media,available,5.98,58.98,medium,low,10,namecheap,,,20/09/2026 21:42
398f39a8-3ad9-4620-a931-3811ff6d4862,plummy.media,available,5.98,58.98,medium,low,6,namecheap,,,08/09/2026 21:51
b524f505-e58a-4b3c-81d9-4e9a1deb59db,arroba.media,available,11.99,44.99,medium,low,6,namesilo,,,20/09/2026 09:18
2fe049bf-92d7-4977-90a2-4212e1546a1f,enrich.media,resell,,,high,low,6,"Sav.com, LLC - 27",18/06/2026 15:15,18/06/2027 15:15,26/09/2026 05:51
2f5338d1-6493-4066-b85a-77af23709917,teddy.media,resell,,,high,low,5,Dynadot Inc,23/06/2026 17:00,23/06/2027 17:00,26/09/2026 09:32
34bc50c4-df72-45b9-b13f-076de0e0853c,crayola.media,available,,,high,medium,7,,,,
d21f33f0-fa41-4ef8-81c6-35b362275aa2,columbus.media,premium,242,242,high,low,8,namesilo,,,28/09/2026 05:23
20ef28ea-9b71-4b23-a096-50d921c72955,equations.media,available,5.98,58.98,medium,low,9,namecheap,,,18/09/2026 12:39
ab991a78-f7ce-4ad8-9434-4201170844cd,unimposing.media,available,5.98,58.98,medium,low,10,namecheap,,,12/09/2026 13:12
3458b8e4-4ef8-460b-8e71-f6b472a71d4c,lief.media,available,5.98,58.98,medium,low,4,namecheap,,,17/08/2026 20:49
4043bf0a-9368-4f5a-8ebb-fc041f151a66,fagged.media,available,5.98,58.98,low,low,6,namecheap,,,14/08/2026 14:47
a338a55d-9755-424c-bea6-fb0c0c4cf019,methodist.media,available,5.98,58.98,high,low,9,namecheap,,,24/08/2026 21:58
75c8342b-283d-481b-88bf-fb8edaf8fd98,badgering.media,available,5.98,58.98,medium,low,9,namecheap,,,13/09/2026 13:19
a1ef8ad9-cb34-4622-bf42-5b1b87af31c4,answered.media,available,11.99,44.99,high,low,8,namesilo,,,25/09/2026 16:54
a9e507d0-44cc-428d-b0a1-d422613b1725,atop.media,available,35.2,35.2,medium,low,4,cloudflare,,,28/09/2026 13:10
3fded563-8f13-4969-ac3d-4ac7ff721987,baklava.media,available,5.98,58.98,high,low,7,namecheap,,,21/09/2026 20:21
0231b370-dd3a-4cff-bc2f-c20f9f57eb05,slowest.media,available,5.98,58.98,medium,low,7,namecheap,,,16/09/2026 02:44
f48fed3b-93d3-4380-9cf5-4f374444e515,floating.media,available,5.98,58.98,high,low,8,namecheap,,,14/08/2026 19:14
16b4b93d-686d-464f-970d-c119fe7b0e81,whitewater.media,available,7.99,,high,low,11,name.com,,,
d35c4292-e916-4681-a413-20212ea49cb2,proximal.media,available,5.98,58.98,high,low,8,namecheap,,,09/09/2026 04:44
82af528e-8a98-4da4-a4ce-fb182c3b45c9,rubble.media,available,11,,medium,low,6,unstoppable,,,28/09/2026 18:54
9394966d-1a36-4845-8694-4d51749b46a6,busty.media,available,5.98,58.98,medium,low,5,namecheap,,,10/08/2026 20:26
24829d97-9a86-4b4e-8e13-35c9737e9190,adenovirus.media,available,11.99,44.99,medium,low,10,namesilo,,,17/09/2026 07:41
58079fd7-aeff-4620-9f95-8d495d51514a,sublimated.media,available,5.98,58.98,medium,low,10,namecheap,,,11/09/2026 00:06
5132991a-7f0d-4c40-ac6b-b7e64cf9ea27,prima.media,resell,,,high,low,5,Porkbun LLC,01/12/2017 16:00,01/12/2026 16:00,26/09/2026 08:19
d9086fe6-e7fe-4799-9fb6-cbec0f2324fe,alimentary.media,available,5.98,58.98,medium,low,10,namecheap,,,
74f527bf-928e-4515-8630-fb95c68136f9,assur.media,available,11.99,44.99,high,low,5,namesilo,,,20/09/2026 16:41
eada827b-4eaa-4a26-a1a0-d2197c5c3896,otiose.media,available,5.98,58.98,medium,low,6,namecheap,,,17/08/2026 20:56
6244479f-bee3-46b4-9282-b2411b96a496,bedsit.media,available,5.98,58.98,medium,low,6,namecheap,,,22/09/2026 23:36
9d64a683-7168-4250-b46f-5634ad929e40,unexciting.media,available,5.98,58.98,medium,low,10,namecheap,,,12/09/2026 09:32
f9c29e14-476d-4099-b0dd-c3b4dfb4382a,unclipped.media,available,5.98,58.98,medium,low,9,namecheap,,,12/09/2026 05:25
bae8a87f-70dd-4b0b-bbf1-f54adf121e3c,eidetic.media,available,5.98,58.98,medium,low,7,namecheap,,,15/08/2026 19:54
4096a972-7b86-4a36-9c72-fc9b1fddc9a1,specialty.media,resell,,,high,low,9,Dynadot Inc,11/02/2026 17:00,11/02/2027 17:00,26/09/2026 09:11
c06765bf-d934-4058-9e8e-41500f144929,cytologic.media,available,7.99,60.99,medium,low,9,name.com,,,13/08/2026 14:39
9407cff6-d15d-4430-bf0c-a9dcfedf8055,ngc.media,premium,,,medium,low,3,,,,28/09/2026 13:16
444c7722-7128-43cf-8a6e-b8035ec78f79,nazi.media,available,5.98,58.98,medium,low,4,namecheap,,,03/09/2026 13:40
5d066ea5-abe5-4965-ab91-3d42685a03b3,bravely.media,available,5.98,58.98,high,low,7,namecheap,,,14/09/2026 01:22
dc005657-8a3f-4643-816e-2fa0fcd9a15e,bellows.media,available,11.99,44.99,high,low,7,namesilo,,,23/09/2026 06:26
8ef24798-ecd0-4c7b-8b6f-243daaf083a8,catenate.media,available,5.98,58.98,medium,low,8,namecheap,,,11/08/2026 21:39
2dcff440-7ca8-4b3a-a599-c4003df60d99,disappearance.media,available,11.99,44.99,medium,low,13,namesilo,,,28/09/2026 04:24
aa2aa19b-94b7-4d10-8f11-fb7ad78b3e8b,cetaceous.media,available,5.98,58.98,medium,low,9,namecheap,,,12/08/2026 01:04
50cf1e10-b835-4899-b842-fb3a5f913059,anthemis.media,available,11.99,44.99,medium,low,8,namesilo,,,19/09/2026 12:57
c78bb100-d88f-4776-a55e-cf517c6e09b4,machinist.media,available,11.99,44.99,high,low,9,namesilo,,,19/09/2026 17:14
827712d0-776e-488d-b977-cd99370dff27,ramirez.media,premium,118.8,118.8,medium,low,7,namesilo,,,28/09/2026 08:04
441e7b35-2143-4ae6-9441-3b7601dd4482,armiger.media,available,11.99,44.99,medium,low,7,namesilo,,,20/09/2026 06:59
711b9850-c7c7-4a1a-b070-45c9c4d87cf2,keane.media,available,5.38,36.43,medium,low,5,spaceship,,,28/09/2026 18:07
f15c3b62-8b42-4d0c-9d5a-332d9b1c8b2f,imagined.media,available,11.99,44.99,high,low,8,namesilo,,,27/09/2026 09:43
6b618ce8-20d9-4760-a432-3efa052e7ed5,nodular.media,available,5.98,58.98,medium,low,7,namecheap,,,03/09/2026 18:06
01975093-128d-4785-8b05-83b577255cca,terrified.media,available,11.99,44.99,medium,low,9,namesilo,,,27/09/2026 02:38
c4fdcb62-7061-4217-a5c8-a47ef1fb1b05,chimney.media,available,7.99,,high,low,7,name.com,,,
adc9664a-429b-4ed9-aebd-7a2b57dc5ccd,gracious.media,available,11.99,44.99,high,low,8,namesilo,,,24/09/2026 00:42
e586bde4-840c-4c76-8902-7a5af3d6a172,verminous.media,available,5.98,58.98,low,low,9,namecheap,,,13/09/2026 04:05
e92361e7-f349-4f83-bf85-9075cfedaec2,attender.media,available,5.98,58.98,medium,low,8,namecheap,,,07/08/2026 15:17
25567c69-26ca-4a59-8c18-3c76ab31700e,rhythmical.media,available,5.98,58.98,high,low,10,namecheap,,,09/09/2026 17:05
5fe66e4f-aaad-4e98-9b4f-585e46ca837b,glary.media,available,5.98,58.98,medium,low,5,namecheap,,,10/08/2026 13:49
e473aa77-9166-439c-8c35-2e56e3b06f31,suave.media,available,5.98,58.98,high,low,5,namecheap,,,13/08/2026 20:48
d406adbb-d9b5-4f2f-a606-5d4db20335d3,gardiner.media,available,11.99,44.99,medium,low,8,namesilo,,,25/09/2026 06:17
e54b66d4-653d-4302-be2c-4fae4a272916,semitic.media,available,5.98,58.98,medium,low,7,namecheap,,,10/09/2026 03:32
a67269d9-2fd2-48b7-9219-4938cf0d6713,insistent.media,available,5.98,58.98,medium,low,9,namecheap,,,13/08/2026 09:33
86a0ff55-b1b7-4f6c-abcf-c9e64be24b16,used.media,resell,,,high,low,4,Dynadot Inc,07/02/2026 17:00,07/02/2027 17:00,26/09/2026 09:54
8189ebb5-8446-40a5-a435-735c28807661,esteemed.media,available,5.98,58.98,high,low,8,namecheap,,,17/08/2026 13:23
fbc28099-45a5-49c7-bdc6-33d85c7c79d4,lettered.media,available,5.98,58.98,medium,low,8,namecheap,,,22/08/2026 16:54
8b137d33-9ac6-4343-b9a2-a56e64d72d8f,downpour.media,available,11.99,44.99,high,low,8,namesilo,,,24/09/2026 16:02
dc8625a2-7389-439b-b8cb-9548f09fe1df,fiercely.media,available,5.38,36.43,medium,low,8,spaceship,,,28/09/2026 14:52
c99edd6b-f14a-46cb-a759-1a64f9214e83,sons.media,available,11.99,44.99,medium,low,4,namesilo,,,27/09/2026 09:28
0b9aa02b-07be-4de0-907b-2623fe0ecebe,ring.media,resell,,,high,low,4,"Chengdu West Dimension Digital Technology Co., Ltd.",09/02/2020 08:49,09/02/2027 08:49,28/09/2026 21:16
2e87182d-30f9-4e8c-9326-6caad82306f0,oil.media,premium,118.8,118.8,high,low,3,namesilo,,,24/09/2026 02:16
8e9d400d-e2ed-4bc6-9bfb-5c17e81ff2db,dinah.media,available,5.38,36.43,medium,low,5,spaceship,,,29/09/2026 03:55
0a5b7571-f4d8-42c3-b17f-63d4802ecfd1,aquitaine.media,available,11.99,44.99,medium,low,9,namesilo,,,19/09/2026 23:17
982ca7fe-166f-4a0b-8bd5-5b68c0f7002e,unfounded.media,available,5.98,58.98,medium,low,9,namecheap,,,08/08/2026 21:57
10542c51-8f0e-4fc9-8679-c99d74386e1f,whop.media,available,11.99,44.99,high,low,4,namesilo,,,22/09/2026 10:29
5d95dd72-4729-4318-b2fe-cfac4569210d,hemal.media,available,5.98,58.98,medium,low,5,namecheap,,,20/08/2026 21:41
50601623-44dd-491a-a944-b93667eebfd1,addled.media,available,5.98,58.98,medium,low,6,namecheap,,,
163a6235-b507-4e58-9a24-7ed2d15a8caf,needfully.media,available,5.98,58.98,medium,low,9,namecheap,,,15/09/2026 16:20
6902b050-82dd-4bc2-9a6a-3cad262015a9,odour.media,available,11.99,44.99,medium,low,5,namesilo,,,20/09/2026 08:26
857a1ab5-cd92-48d1-afaa-23095a0b1c53,mellowed.media,available,5.98,58.98,medium,low,8,namecheap,,,24/08/2026 19:36
ff5f0017-3c41-4cf9-9cbe-c90ed93116a0,mentation.media,available,5.98,58.98,medium,low,9,namecheap,,,11/09/2026 13:33
d40ed911-8122-4f0f-942c-3dfa538edba2,graphite.media,resell,,,high,low,8,"Sav.com, LLC - 14",28/04/2026 15:16,28/04/2027 15:16,26/09/2026 06:28
d03bc900-8a65-4316-9a2d-220c8f571032,warned.media,available,11.99,44.99,medium,low,6,namesilo,,,18/09/2026 02:46
40ca29cf-a994-442b-95fb-3295bbfb34b2,beguiled.media,available,5.98,58.98,medium,low,8,namecheap,,,09/08/2026 09:46
374a75e2-4489-40a0-bc7b-ddc55b1daefe,indisposed.media,available,5.98,58.98,medium,low,10,namecheap,,,
5e4d9fc2-9f01-409b-8c06-245a7bba012d,hypo.media,resell,,,high,low,4,"GoDaddy.com, LLC",27/04/2022 17:21,27/04/2027 17:21,26/09/2026 06:47
f71aab27-e450-45c9-9de0-da18e37aba02,triad.media,available,,,high,low,5,,,,
7d916c51-dfe0-4d06-8dd2-3b449621e613,asklepios.media,available,11.99,44.99,medium,low,9,namesilo,,,17/09/2026 13:21
fbe77be8-13d9-4fc4-acec-e0e282974b03,sides.media,available,11.99,44.99,medium,low,5,namesilo,,,17/09/2026 23:26
f7bd8568-c2b9-4dae-b98b-11ca06a180d7,ppm.media,premium,34.36,68.51,high,low,3,spaceship,,,28/09/2026 08:29
2b74e2c2-1bc4-442a-bd87-2ac66b9747b3,treating.media,available,35.2,35.2,medium,low,8,cloudflare,,,28/09/2026 08:47
1d9e7e3a-20cb-4494-8bbf-a7bbf3e89cdf,fruity.media,available,5.98,58.98,high,low,6,namecheap,,,06/08/2026 21:00
e89b3e50-5af3-45d0-9243-092ba8c75c42,spiny.media,available,5.98,58.98,medium,low,5,namecheap,,,08/08/2026 17:49
cf37dd38-092f-46f4-b530-de4d7405ef54,miserly.media,available,5.98,58.98,medium,low,7,namecheap,,,24/08/2026 23:45
577869da-92ff-42eb-a077-3df60a542033,lantern.media,resell,,,high,low,7,,,,28/09/2026 14:40
b5f06449-3eb4-457c-ace4-d5253b8815dd,dynamic.media,resell,,,high,low,7,Dynadot Inc,31/08/2019 23:30,31/08/2027 23:30,26/09/2026 05:43
48297f9e-ae2c-44dd-a1f5-3c553b0cc904,sting.media,resell,,,medium,low,5,"Sav.com, LLC - 6",31/07/2026 15:15,31/07/2027 15:15,26/09/2026 09:18
ce500d64-929d-46c5-913f-934a1a9c0bc8,christlike.media,available,5.98,58.98,high,low,10,namecheap,,,12/08/2026 07:19
ad698492-4c22-4183-be2c-4e0417b7ed15,armin.media,available,11.99,44.99,high,low,5,namesilo,,,20/09/2026 07:10
11b05ebc-1024-44cc-aeff-61971bcff497,darlington.media,available,11.99,44.99,high,low,10,namesilo,,,27/09/2026 06:24
85e6ed81-e282-4614-a66f-ff22734627d4,appearance.media,available,5.98,58.98,high,low,10,namecheap,,,08/09/2026 12:55
117c4980-6c37-47d5-8a46-3db6b4e29d12,kruger.media,available,11.99,44.99,medium,low,6,namesilo,,,29/09/2026 01:31
4730e3fa-0471-40e5-a057-cf4c7eaa06c5,bedpost.media,available,11.99,44.99,high,low,7,namesilo,,,22/09/2026 23:29
10dc8102-2047-44fb-9be3-fb9b2e730a66,backpack.media,resell,,,high,low,8,Dynadot Inc,22/01/2026 17:01,22/01/2027 17:01,29/09/2026 00:17
d1984abd-8588-46a2-9393-771739c2a6ea,endowment.media,available,7.99,,high,low,9,name.com,,,
16f304fc-dbcc-43b7-8330-d156bd8b3f7d,lowbred.media,available,22.19,44.99,low,low,7,namesilo,,,10/08/2026 22:02
5629ac94-1ac3-4012-a711-92bf20f47228,child.media,resell,,,high,low,5,"Xiamen ChinaSource Internet Service Co., Ltd",04/12/2021 13:15,04/12/2026 13:15,26/09/2026 04:54
70437ab3-901e-4dec-a433-cc737c8d5ab6,lambeth.media,available,4.63,36.56,medium,low,7,porkbun,,,29/09/2026 04:58
76fb9f2e-0c2f-4d6b-bf3d-19e6f892882a,arsonist.media,available,5.98,58.98,medium,low,8,namecheap,,,22/08/2026 00:55
c322d328-0402-4bda-b1c3-3de2ff303d45,detergent.media,available,11.99,44.99,high,low,9,namesilo,,,24/09/2026 07:32
2baf3f33-053b-4d1f-a985-97b393e27b9a,thurston.media,available,5.38,36.43,medium,low,8,spaceship,,,28/09/2026 04:06
323ed437-a180-4cc7-9904-6a56b913dc25,fairly.media,available,11.99,44.99,high,low,6,namesilo,,,24/09/2026 16:08
87a67d23-02b3-4db0-970a-b8f390af37f1,delirious.media,available,5.98,58.98,medium,low,9,namecheap,,,14/08/2026 00:44
83130d23-c687-488b-94bf-f362ebeba42d,domino.media,resell,,,high,low,6,Porkbun LLC,14/10/2019 22:13,14/10/2027 22:13,26/09/2026 05:38
d9139ff8-bb1b-4eb3-aba6-4bafe2006eeb,undersea.media,available,5.98,58.98,medium,low,8,namecheap,,,11/09/2026 00:18
5d20aa67-edca-4b18-9efc-2bdb366cedf1,chandra.media,available,5.38,36.43,medium,low,7,spaceship,,,28/09/2026 08:00
45448d3c-71cb-455d-9219-5c6500277142,tattooing.media,available,11.99,44.99,high,low,9,namesilo,,,18/09/2026 01:47
cc849687-a8b7-4a4a-b43b-933e6ba1d378,uneasy.media,available,5.98,58.98,medium,low,6,namecheap,,,21/08/2026 19:45
e43e75fe-647e-4c17-b73d-3017bb57450c,orwellian.media,available,5.98,58.98,medium,low,9,namecheap,,,04/09/2026 18:08
37dfe623-c4b8-4908-859a-f7d4031f903e,paso.media,available,11.99,44.99,medium,low,4,namesilo,,,29/09/2026 03:36
a3a1734b-39a5-4c86-8b47-f0cb66915f77,emblem.media,resell,,,high,low,6,,,,28/09/2026 02:43
bae64c06-a9e5-41c6-8176-4d9c09a8d8ca,begonia.media,available,11.99,44.99,medium,low,7,namesilo,,,23/09/2026 02:28
f59a07e2-a805-40d5-9b11-0137144fb86e,unfunded.media,available,5.98,58.98,medium,low,8,namecheap,,,12/09/2026 11:04
8eda6825-ba69-4a14-a724-5179e57c3173,nebula.media,resell,,,high,low,6,"Chengdu West Dimension Digital Technology Co., Ltd.",17/12/2023 15:15,17/12/2026 15:15,26/09/2026 07:44
053d7f8c-1b1d-424c-bbc3-ad962c2bd8f0,cables.media,available,5.98,58.98,medium,low,6,namecheap,,,17/09/2026 12:09
8a772b4c-0795-4bac-96d0-eacaf910b4d5,labelled.media,available,5.98,58.98,medium,low,8,namecheap,,,22/08/2026 17:15
d5ed8faf-009c-4add-a714-d093a429ab00,all.media,resell,,,high,medium,3,"GoDaddy.com, LLC",14/06/2015 16:00,14/06/2027 16:00,26/09/2026 03:48
0af0097a-1c9a-4da3-a480-9113420367d2,obligatory.media,available,5.98,58.98,medium,low,10,namecheap,,,03/09/2026 23:42
fca2f522-9d1c-4347-906f-ea73189e8935,hangbird.media,available,11.99,44.99,medium,low,8,namesilo,,,22/09/2026 00:20
42d9114b-3842-4090-8d29-df922310c520,letup.media,available,7.99,,medium,low,6,name.com,,,
99a97505-e045-4b62-9b06-770cf2057b5a,jamal.media,available,11.99,44.99,medium,low,5,namesilo,,,29/09/2026 03:56
f146be78-90c6-40f4-91ed-c736e3aec088,vexer.media,available,11.99,44.99,medium,low,5,namesilo,,,19/09/2026 10:52
59879ae9-2440-4e3b-a7dd-9b3ed486f2f9,eileen.media,available,11.99,44.99,medium,low,6,namesilo,,,26/09/2026 03:31
d7d9cc79-4ca4-489c-9b34-1ed083b345af,sooner.media,available,5.98,58.98,high,low,6,namecheap,,,15/09/2026 21:16
6787b4cb-4003-49e9-85a1-0f674a031431,dispersal.media,available,5.98,58.98,high,low,9,namecheap,,,24/09/2026 22:58
7c360451-ed66-43f2-9c16-236a1bdf7f10,thunderous.media,available,7.99,60.99,medium,low,10,name.com,,,13/08/2026 19:56
5f1c43d7-4cf0-4334-beed-f0d79be030dc,blossoming.media,available,5.98,58.98,high,low,10,namecheap,,,18/08/2026 09:04
a18ece53-8814-4d27-aa41-79a9b25b9f4c,confide.media,available,7.99,,high,low,7,name.com,,,
67ed0e29-4d84-443f-9726-57f605c4e8ee,actinium.media,available,5.98,58.98,medium,low,8,namecheap,,,16/09/2026 19:56
d4f7dc43-b462-49b7-bf71-41c0284cc5b6,filiform.media,available,5.98,58.98,medium,low,8,namecheap,,,18/08/2026 04:04
d2b90308-899b-4364-9abb-91e7074d2570,dubstep.media,available,7.99,,high,low,7,name.com,,,
e27c3f07-e365-4c3c-ad83-b55addac37f8,slavery.media,available,5.98,58.98,medium,low,7,namecheap,,,10/09/2026 10:30
fef67472-434a-4c9a-8f15-ab3eeb35db2e,buns.media,available,5.98,58.98,medium,low,4,namecheap,,,09/08/2026 10:54
fca9aa7c-0097-47ef-9066-bdc253bfafd3,disorderly.media,available,5.98,58.98,medium,low,10,namecheap,,,14/08/2026 11:51
aa6dcf0a-94c7-4e5f-9d9f-c799698578a3,updated.media,available,11.99,44.99,medium,low,7,namesilo,,,18/09/2026 06:09
230f710c-669a-495e-a615-a7c8a5b0df18,viscid.media,available,5.98,58.98,medium,low,6,namecheap,,,20/08/2026 15:23
0d6a5044-3549-40a4-ab3b-104046757e6e,loathing.media,available,11.99,44.99,medium,low,8,namesilo,,,16/09/2026 15:27
358b4ab7-9734-4624-88ec-cdecf929187b,idempotent.media,available,5.98,58.98,medium,low,10,namecheap,,,21/08/2026 18:03
80b4c943-08ff-4262-95c2-3f7be29ac7a6,summerset.media,available,5.98,58.98,medium,low,9,namecheap,,,18/08/2026 08:29
36a9e74b-83aa-4a54-86c0-d0dc0e5725ba,fairfax.media,available,11.99,44.99,high,low,7,namesilo,,,25/09/2026 15:13
db0bc28d-bf04-43cd-9240-6ae747fdd11f,caudal.media,available,5.98,58.98,high,low,6,namecheap,,,11/08/2026 22:22
fbba7ae5-274f-4e46-a50b-8fa8fd5a467c,yoruba.media,available,11.99,44.99,high,low,6,namesilo,,,18/09/2026 00:15
cf387fe3-7fc0-492a-8898-0e123d73cadb,powdery.media,available,5.98,58.98,medium,low,7,namecheap,,,18/08/2026 04:39
ca788fe0-05cd-41a5-9ad7-63088a6cb543,bassist.media,available,5.98,58.98,medium,low,7,namecheap,,,22/09/2026 12:26
94e50e51-34b8-4b20-8b11-69324a124de8,paddlefish.media,available,5.98,58.98,medium,low,10,namecheap,,,14/08/2026 20:48
11eb8400-2b85-4670-9bbb-176b37c99240,underarm.media,available,5.98,58.98,medium,low,8,namecheap,,,12/09/2026 07:21
be4b17e8-2b10-4f0d-9721-a4fade7ea997,devotional.media,available,5.98,58.98,high,low,10,namecheap,,,14/08/2026 05:15
11352601-a070-4c1c-91ff-306bdc8e4484,septet.media,available,5.98,58.98,medium,low,6,namecheap,,,
1b1d21a9-0bc1-46b4-b3fd-0af1d9eec165,unclaimed.media,available,5.98,58.98,medium,low,9,namecheap,,,12/09/2026 05:13
4b69da31-ee5f-4cd0-87d0-b95c7a043906,burn.media,resell,,,high,low,4,"Chengdu West Dimension Digital Technology Co., Ltd.",20/11/2019 13:10,20/11/2026 13:10,28/09/2026 02:13
c591f2dc-e73f-4bfd-92e0-ba5778f5a117,acquittal.media,available,11.99,44.99,high,low,9,namesilo,,,17/09/2026 02:42
073df6bb-8289-4fea-840e-f8dc3454d985,agape.media,resell,,,high,low,5,"Chengdu West Dimension Digital Technology Co., Ltd.",02/05/2019 18:38,02/05/2027 18:38,26/09/2026 01:26
4fadaeab-92c1-4ef2-b31b-04b0c5e975ae,imperial.media,resell,,,high,low,8,"DNSPod, Inc.",01/02/2021 16:00,01/02/2027 16:00,26/09/2026 06:49
82ab67a9-c818-4d95-8a17-2d8343aeca11,aquanaut.media,available,11.99,44.99,medium,low,8,namesilo,,,19/09/2026 22:57
ff021fde-6333-444f-82eb-2e8efb7608e0,coed.media,available,5.98,58.98,medium,low,5,namecheap,,,12/08/2026 13:16
b1783f0e-f8d6-42c6-a5bd-d65609f423f6,winey.media,available,5.98,58.98,medium,low,5,namecheap,,,13/09/2026 12:27
0983a6da-e168-439b-8190-4bdeaa30800e,unjust.media,available,5.98,58.98,medium,low,6,namecheap,,,22/08/2026 03:49
17d0b0bf-ea6b-4f00-bb2f-21cfe969fca0,expected.media,available,5.98,58.98,high,low,8,namecheap,,,17/08/2026 18:04
b9f11d8c-2486-4d53-94f6-cf0dc27457fd,mandibular.media,available,5.98,58.98,medium,low,10,namecheap,,,22/08/2026 04:40
28e4c70c-3293-4785-9534-9f8d08131132,organized.media,available,11.99,44.99,high,low,9,namesilo,,,26/09/2026 00:25
c118ecfb-85f9-43e6-bf4c-3cac282822c5,underside.media,available,5.98,58.98,high,low,9,namecheap,,,10/08/2026 21:15
9dcee059-d7fe-45ab-b403-7e2bbd31768c,gardener.media,available,4.63,36.56,medium,low,8,porkbun,,,28/09/2026 09:51
88c8105a-31b5-4c1b-be7d-779722d4723d,bimodal.media,available,5.98,58.98,high,low,7,namecheap,,,09/08/2026 23:23
33fac316-f39b-4968-af6b-522e38dfaa94,killing.media,available,5.98,58.98,medium,low,7,namecheap,,,22/08/2026 15:57
4963031a-0f2b-412d-967d-fd03d8c2c36f,ringway.media,available,11.99,44.99,medium,low,7,namesilo,,,23/09/2026 07:12
e8866586-7196-44a3-99cf-bf35a432506a,unmixed.media,available,5.98,58.98,medium,low,7,namecheap,,,12/09/2026 06:02
a543c43e-3378-47a5-9eb7-a76a8e7a0343,gaur.media,available,11.99,44.99,medium,low,4,namesilo,,,23/09/2026 13:04
adb3c6b0-3088-4787-8005-03228f83db67,deafen.media,available,7.99,60.99,medium,low,6,name.com,,,13/08/2026 19:44
bfe880cd-1094-4f58-ab95-2b4b6e14fea1,bierce.media,available,11.99,44.99,medium,low,6,namesilo,,,18/09/2026 17:23
cf8b0a02-953b-407a-a1c5-517223e3f09e,tufted.media,available,5.98,58.98,medium,low,6,namecheap,,,11/08/2026 13:14
b4df95de-4116-4869-bfa8-02ef62370d5e,asala.media,available,11.99,44.99,medium,low,5,namesilo,,,16/09/2026 12:33
e85c70e3-8bb8-4712-a844-58448253164a,deception.media,available,5.98,58.98,high,low,9,namecheap,,,24/09/2026 17:22
3548bd39-067c-4044-9203-9157d6114a33,joanne.media,available,5.38,36.43,high,low,6,spaceship,,,27/09/2026 19:17
6b8deb3d-86f2-48b4-affa-7c2a748b4161,midwife.media,available,11.99,44.99,high,low,7,namesilo,,,16/09/2026 23:05
b49c6e89-8db5-4d3a-84ae-0b5c969d5e55,barbecue.media,available,5.38,36.43,high,low,8,spaceship,,,29/09/2026 01:06
9d8e4c8b-e6a5-4ff5-90a0-da688de2b79e,comforted.media,available,11.99,44.99,high,low,9,namesilo,,,23/09/2026 15:14
d515a678-d04f-4ed3-9ece-969cfe6108f6,spangled.media,available,5.98,58.98,high,low,8,namecheap,,,18/08/2026 21:17
7ad9dfad-b824-401f-a578-9320c3b11bd6,connors.media,available,11,,medium,low,7,unstoppable,,,29/09/2026 06:24
bb0cbe03-b15d-4b7e-8c61-b17afcca33ab,knotted.media,available,5.98,58.98,medium,low,7,namecheap,,,20/08/2026 15:40
251c9728-c7c0-415e-9356-acd6057ff868,pledged.media,available,11.99,44.99,high,low,7,namesilo,,,27/09/2026 04:12
441e3e1d-b4ca-47c9-b72a-798888482a5a,fingerless.media,available,5.98,58.98,medium,low,10,namecheap,,,18/08/2026 04:55
c4d3fa9e-fa98-48d7-84d4-d97a09011592,diaper.media,available,5.98,58.98,high,low,6,namecheap,,,03/09/2026 13:09
1bb0cec5-261a-4dfb-bfb1-95b5b5c10b25,ergo.media,resell,,,high,low,4,"Chengdu West Dimension Digital Technology Co., Ltd.",16/09/2019 19:19,16/09/2027 19:19,26/09/2026 05:52
1361d8a5-e9bf-45fc-8bea-f3fcfc363468,yearly.media,available,5.38,36.43,high,low,6,spaceship,,,28/09/2026 11:15
e6fe7e17-ab47-4b91-840f-6d7dc69cc9de,barroom.media,available,11.99,44.99,high,low,7,namesilo,,,22/09/2026 03:34
cc871b30-c05d-45e6-8ba0-8a7bee4e97b4,experienced.media,premium,560,1120,high,low,11,namecheap,,,
27842f44-c867-4ed9-a4c6-db06765fc8ce,acanthus.media,available,5.98,58.98,medium,low,8,namecheap,,,16/09/2026 21:02
cee48336-3177-4405-ac72-b3d6cc944918,compeer.media,available,5.98,58.98,medium,low,7,namecheap,,,17/08/2026 11:35
68388d19-cb38-46c9-86d1-77c4bbf8519f,ismail.media,available,11.99,44.99,medium,low,6,namesilo,,,28/09/2026 11:55
05774499-c36a-4210-aa74-81efda0d4054,smutty.media,available,5.98,58.98,medium,low,6,namecheap,,,13/08/2026 08:53
38d135b8-60ec-4a39-a0c9-3f318a692890,goodish.media,available,5.98,58.98,medium,low,7,namecheap,,,20/08/2026 16:34
ce6dc654-e49f-4ce5-b64c-6fc543e9b830,abator.media,available,11.99,44.99,medium,low,6,namesilo,,,16/09/2026 14:13
942789aa-e25c-40d4-9d01-29497aa5b6e7,tegular.media,available,5.98,58.98,medium,low,7,namecheap,,,11/09/2026 10:16
5144163a-bd7d-434d-b8e2-ee9310342cd7,barbette.media,available,11.99,44.99,medium,low,8,namesilo,,,22/09/2026 04:54
ee7c5a5e-5e3b-4845-a995-a4d68916bc9e,tyler.media,resell,,,high,medium,5,"Sav.com, LLC - 20",30/07/2026 15:15,30/07/2027 15:15,26/09/2026 09:49
01e1752f-c70d-488b-9f0c-60a4ea73c8f0,ards.media,available,5.98,58.98,medium,low,4,namecheap,,,17/09/2026 10:14
cda0e78e-252d-44dc-af3e-a1d65aaf2a1a,praises.media,available,11.99,44.99,medium,low,7,namesilo,,,19/09/2026 00:10
a75e3edd-f0d2-4f3e-bbbb-b423dad9c9d3,hutchinson.media,available,11.99,44.99,high,low,10,namesilo,,,19/09/2026 10:20
295a1081-462c-499c-ab5a-9e8a45165b30,receptions.media,available,11.99,44.99,medium,low,10,namesilo,,,20/09/2026 06:10
bb00d010-0443-4b74-9edd-ff263d933a4b,breslau.media,available,5.38,36.43,medium,low,7,spaceship,,,28/09/2026 18:29
b70e035f-c0dc-4b66-b4ee-d29d9d8eaebb,dogwoods.media,available,11.99,44.99,medium,low,8,namesilo,,,20/09/2026 13:05
9abb6563-8a18-4a0c-a751-a44e1fccb8bc,filial.media,available,5.98,58.98,medium,low,6,namecheap,,,18/08/2026 04:17
bbdd1001-d35f-401a-aa76-5f5e7cbb1983,nauseous.media,available,5.98,58.98,medium,low,8,namecheap,,,24/08/2026 08:24
5b85d666-43a0-4f12-a774-914657885164,wisent.media,available,5.98,58.98,medium,low,6,namecheap,,,21/09/2026 04:34
8a8bba54-0048-4354-bc42-c15cdce7b768,harriet.media,available,35.2,35.2,high,low,7,cloudflare,,,27/09/2026 22:29
a7c062db-d8c3-4b7e-b196-7c51bf2a77eb,mexicans.media,available,11.99,44.99,medium,low,8,namesilo,,,18/09/2026 23:08
26b75a9c-4b34-41c7-abc5-75f9aca5ad32,multipurpose.media,available,7.99,,medium,low,13,name.com,,,
a5f5e531-14b6-4ded-a07e-b285cbde2691,actinoid.media,available,5.98,58.98,medium,low,8,namecheap,,,
1517efb8-06b2-4ffe-9c3c-55ebf9ba3a2f,ocher.media,available,5.98,58.98,medium,low,5,namecheap,,,04/09/2026 00:31
527f9d30-0e5d-44a4-b8ff-63475dacf6a4,araxes.media,available,5.98,58.98,medium,low,6,namecheap,,,20/09/2026 00:19
1d194e5f-47b9-4cad-9e31-4b7128b06e5a,sentiments.media,available,11.99,44.99,medium,low,10,namesilo,,,17/09/2026 07:39
6768a980-ef9b-4b24-81a8-ef16b75d367a,abies.media,available,5.98,58.98,medium,low,5,namecheap,,,16/09/2026 15:38
fe97f04e-a582-4008-9767-0140c63b9d70,authorities.media,available,11.99,44.99,high,low,11,namesilo,,,27/09/2026 02:17
59d6b33c-8027-4e6f-9cdd-ca27ee2f8940,lethargic.media,available,5.98,58.98,medium,low,9,namecheap,,,23/08/2026 00:27
d7a09686-fbb2-431d-bd21-7eb8e49c924b,capricious.media,available,5.98,58.98,medium,low,10,namecheap,,,11/08/2026 18:04
fb02de8c-dd80-4a11-a78c-527450b059f7,armorer.media,available,11.99,44.99,medium,low,7,namesilo,,,20/09/2026 07:29
e30851a5-3bb7-4506-b9d7-c3c27dd450e8,apocynum.media,available,5.98,58.98,medium,low,8,namecheap,,,19/09/2026 18:15
657f321f-3395-4926-8c1e-4cab09d46196,dryden.media,available,4.63,36.56,medium,low,6,porkbun,,,28/09/2026 05:32
c9b716c8-c669-4b71-b00c-464b1e2f684e,degenerate.media,available,7.99,60.99,medium,low,10,name.com,,,13/08/2026 20:16
a09dd8c8-a4e0-4707-ba7a-8f4efd42ff4d,beholder.media,available,5.98,58.98,high,low,8,namecheap,,,08/09/2026 16:20
19512511-9469-4d42-ab55-1c8d8684c225,correction.media,available,11.99,44.99,medium,low,10,namesilo,,,28/09/2026 09:23
e0eabe98-b5b9-4e5c-8983-2cae28fcaa7b,halting.media,available,5.98,58.98,medium,low,7,namecheap,,,13/08/2026 07:02
58c4b981-5678-4957-9169-c7e23bd20f23,bohme.media,available,5.98,58.98,medium,low,5,namecheap,,,23/09/2026 03:34
d4e4f501-1091-4390-9a39-d0d3626d2c80,phycology.media,available,5.98,58.98,medium,low,9,namecheap,,,18/09/2026 07:09
e56a7b16-6016-4c57-8d5e-590c608b49b3,debase.media,available,5.98,58.98,medium,low,6,namecheap,,,
0eba2b96-7daa-49a3-bb19-e5256c38ea41,consummate.media,available,5.98,58.98,high,low,10,namecheap,,,23/09/2026 21:29
a8f4c345-d925-404b-85b6-932fa6ef514f,palpably.media,available,5.98,58.98,medium,low,8,namecheap,,,15/09/2026 18:55
1a8c12ba-c871-458d-8f63-c96a1296118d,gleeful.media,available,5.98,58.98,high,low,7,namecheap,,,20/08/2026 14:21
82244687-5652-4147-bdc8-27f3b1ca7ea5,learns.media,available,11.99,44.99,medium,low,6,namesilo,,,20/09/2026 05:46
da7b09ed-4df3-4b1c-92aa-2efd52ea5f96,antum.media,available,11.99,44.99,medium,low,5,namesilo,,,19/09/2026 15:47
a6240356-6245-4127-bb40-e914455f90e3,altruist.media,available,35.2,35.2,high,low,8,cloudflare,,,28/09/2026 20:46
7fd27948-5474-481a-9e91-217dc48a2970,pimiento.media,available,11.99,44.99,medium,low,8,namesilo,,,23/09/2026 05:38
b117ac49-2695-4a1a-9e71-7402e0afa385,sedans.media,available,11.99,44.99,medium,low,6,namesilo,,,19/09/2026 22:27
d0e138a4-4426-47cd-ab1b-bd9a030e4270,views.media,resell,,,high,low,5,"DNSPod, Inc.",02/04/2021 00:01,02/04/2027 00:01,26/09/2026 09:59
631de8cf-0c71-4169-85a4-98065e1be9df,wehrmacht.media,available,11.99,44.99,medium,low,9,namesilo,,,28/09/2026 16:22
708df5ff-11bb-48e7-b4ee-145ff52ce1c5,starless.media,available,5.98,58.98,medium,low,8,namecheap,,,10/09/2026 18:52
a1b330f7-2532-4daf-a3fd-04622688ee73,convey.media,available,11.99,44.99,high,low,6,namesilo,,,29/09/2026 06:20
bbfc8140-6955-4198-8584-59953362f800,someday.media,available,11.99,44.99,high,low,7,namesilo,,,28/09/2026 22:28
101f3a2a-c55b-47d0-97db-d1bf8727bbf9,imprudent.media,available,5.98,58.98,medium,low,9,namecheap,,,21/08/2026 23:23
2f79f8dc-e350-4c0d-befc-dd35d4a4a3a5,sulphur.media,available,11.99,44.99,medium,low,7,namesilo,,,20/09/2026 22:29
205adede-5358-4efe-9b27-ffb404c287f6,favourable.media,available,5.98,58.98,high,low,10,namecheap,,,24/09/2026 17:24
bc291bf6-c0af-4e70-946b-76f392831102,knives.media,available,11.99,44.99,medium,low,6,namesilo,,,28/09/2026 05:00
41f10a81-36fd-44db-93d8-d9310b202b79,toad.media,available,5.98,58.98,high,low,4,namecheap,,,05/08/2026 21:06
ec36b8ac-1b72-47be-8993-81cdacd86330,booming.media,available,5.98,58.98,high,low,7,namecheap,,,10/08/2026 19:14
df172890-d95e-40c8-9d4c-fb3971256ccd,bargello.media,available,11.99,44.99,medium,low,8,namesilo,,,22/09/2026 05:48
50e469ae-5e05-4e6f-bd83-fe54fb993e81,demoted.media,available,11.99,44.99,low,low,7,namesilo,,,21/09/2026 05:02
48f42e42-9878-41c4-ab30-5730197d4beb,hermit.media,available,5.98,58.98,high,low,6,namecheap,,,09/09/2026 11:42
f1a3e724-fa47-4ba5-af49-00660cd426f0,sphincter.media,available,11.99,44.99,medium,low,9,namesilo,,,19/09/2026 03:31
9b467e0c-653c-4254-8dcc-93a65db79e6b,lausanne.media,available,5.38,36.43,high,low,8,spaceship,,,27/09/2026 14:41
6952a1ef-664d-4532-ac26-f86dce92f684,heptad.media,available,5.98,58.98,medium,low,6,namecheap,,,
9ea249d5-0dce-4398-a10a-09abaa0b666f,pappa.media,available,5.98,58.98,medium,low,5,namecheap,,,08/09/2026 23:42
47c8af0f-f939-4aa5-8c93-4b1c6cd1fdcb,clamor.media,available,5.98,58.98,medium,low,6,namecheap,,,10/08/2026 13:15
6534cd2b-1e9a-4ff6-b97d-8e0e385778c3,holliday.media,available,11.99,44.99,medium,low,8,namesilo,,,29/09/2026 04:32
d04392e5-0193-4f7c-8e7f-434d367146cd,probably.media,available,11.99,44.99,high,low,8,namesilo,,,25/09/2026 13:48
6aad6315-b82b-4ef4-8a5a-e466173d255c,anchorite.media,available,11.99,44.99,medium,low,9,namesilo,,,19/09/2026 03:44
934d0f69-8840-456a-8873-320e3190f5dc,belittling.media,available,5.98,58.98,medium,low,10,namecheap,,,09/08/2026 13:10
f377ab3c-0d88-4042-8f17-9f335f1eace0,chiang.media,available,5.98,58.98,medium,low,6,namecheap,,,25/09/2026 16:34
10213a4f-86e8-4a4c-9312-b7979060285b,eater.media,available,5.98,58.98,high,low,5,namecheap,,,19/09/2026 09:42
7b3ab9d3-f1f4-4037-b538-d06fea7876cf,creed.media,resell,,,high,low,5,,,,28/09/2026 18:43
bae483c3-5ca1-4b50-a9a0-9ec08bec13a0,theropod.media,available,5.98,58.98,medium,low,8,namecheap,,,23/09/2026 19:39
67afe8c1-ce8f-40e9-a8a8-7ad4070f3de9,notes.media,resell,,,high,low,5,"DNSPod, Inc.",01/04/2021 23:38,01/04/2027 23:38,26/09/2026 07:49
7735de78-ce77-40fd-b0e4-edec15190b2e,conversely.media,available,5.98,58.98,medium,low,10,namecheap,,,14/09/2026 08:37
054f13a2-62b0-4db7-9641-e3d4b5971ea7,seductive.media,available,5.98,58.98,high,low,9,namecheap,,,10/09/2026 01:39
7a0316ba-a7e6-41a6-818b-66774e89aa4f,sewn.media,available,5.98,58.98,medium,low,4,namecheap,,,10/09/2026 05:07
970f082c-1a70-4158-9796-8c9b3217f9bb,colors.media,resell,,,high,low,6,Dynadot Inc,23/01/2026 17:00,23/01/2027 17:00,26/09/2026 05:07
288ee682-7e8d-4511-b421-70864173f5c6,knights.media,available,5.98,58.98,high,low,7,namecheap,,,27/09/2026 18:23
4b53f2bb-96be-4a62-8748-a14c7efbc703,goddam.media,available,5.98,58.98,medium,low,6,namecheap,,,10/08/2026 12:44
2df6edf8-7e6e-43c2-b5f2-383f1023d5ef,managed.media,resell,,,high,low,7,"Chengdu West Dimension Digital Technology Co., Ltd.",10/09/2023 15:15,10/09/2027 15:15,28/09/2026 04:48
2d066964-e059-4834-b3b7-1addba142903,sumter.media,available,5.98,58.98,medium,low,6,namecheap,,,28/09/2026 12:23
17772fb7-f3a8-47b8-80d4-30d0d18aceaf,obese.media,available,11.99,44.99,medium,low,5,namesilo,,,23/09/2026 23:32
5ec484c8-356f-4f23-a70f-85bc5f342470,frighten.media,available,11.99,44.99,medium,low,8,namesilo,,,17/09/2026 14:50
a4ff13d6-27f9-4ce6-a819-ae4358d2b2e1,crummy.media,available,5.98,58.98,medium,low,6,namecheap,,,11/08/2026 09:02
5c1f7e1d-2c02-4706-8f12-a9f734540ed9,alpenstock.media,available,11.99,44.99,medium,low,10,namesilo,,,18/09/2026 13:32
86d07f62-c06e-4d69-970a-ac436be895cd,saturday.media,available,5.98,58.98,high,low,8,namecheap,,,25/09/2026 13:45
cb53354c-62ad-46ae-8338-d626603caf48,boloney.media,available,5.98,58.98,medium,low,7,namecheap,,,21/09/2026 23:45
1cf53bac-aaf2-44de-99a5-70d2936f80f0,disraeli.media,available,11.99,44.99,medium,low,8,namesilo,,,23/09/2026 08:17
f4ab566b-facc-4df0-bf28-6222e2ca5e42,eighties.media,available,11.99,44.99,high,low,8,namesilo,,,16/09/2026 12:00
d4ee1d82-8527-4ed2-868e-f3011a78d924,evenfall.media,available,5.98,58.98,medium,low,8,namecheap,,,11/09/2026 21:46
eec39460-8dbb-490e-bfcc-9384ce26a344,egg.media,resell,,,high,low,3,"Sav.com, LLC - 16",27/11/2025 15:15,27/11/2026 15:15,29/09/2026 00:46
ee2ebbc8-0b97-4242-abf6-fa9a57863001,trips.media,available,5.38,36.43,medium,low,5,spaceship,,,27/09/2026 22:50
6f021e3c-1164-4a0e-a712-3358634c79b0,chamomile.media,available,5.98,58.98,high,low,9,namecheap,,,19/09/2026 13:01
f1327136-7d25-44f0-95b1-e744e9094994,recipient.media,available,7.99,,high,low,9,name.com,,,
99e92446-fe79-4712-b231-722fddaf2cbe,ghostlike.media,available,5.98,58.98,medium,low,9,namecheap,,,06/08/2026 05:23
24c62edc-6eb7-43cd-a9fa-0cf646454688,augeas.media,available,11.99,44.99,medium,low,6,namesilo,,,21/09/2026 03:15
02572b7d-6642-4d75-ab93-bef7f1a06d8a,crash.media,resell,,,high,low,5,"DNSPod, Inc.",05/03/2021 09:37,05/03/2027 09:37,26/09/2026 05:18
49c2974e-5fff-474e-bab5-1c61025c3d90,complicate.media,available,5.98,58.98,high,low,10,namecheap,,,08/09/2026 14:25
994fbb32-59aa-43a9-ad2d-719a2959a95e,asuncion.media,available,5.98,58.98,high,low,8,namecheap,,,20/09/2026 18:23
3c1113f9-3e17-4ae9-bec2-ad53a7dac479,picking.media,available,11.99,44.99,high,low,7,namesilo,,,25/09/2026 09:58
4ecdc6da-8124-42fe-9948-64b336f5ff2d,cathectic.media,available,5.98,58.98,medium,low,9,namecheap,,,11/08/2026 21:45
11479034-6d51-4d1e-b021-a8f9f7296dc8,blinking.media,available,5.98,58.98,high,low,8,namecheap,,,22/09/2026 21:58
460924ba-5071-4ee5-ae6b-10ce55e66a70,trumbull.media,available,4.5,37.67,medium,low,8,dynadot,,,28/09/2026 14:37
ebe16f81-7941-4257-924e-b97368f4060f,feathered.media,available,5.98,58.98,high,low,9,namecheap,,,18/08/2026 00:19
1d9f57a9-abee-412d-9261-3134df423aa0,oldish.media,available,5.98,58.98,medium,low,6,namecheap,,,04/09/2026 02:04
2f32c4ba-aa51-4cce-9c23-1fca24a6851f,divers.media,available,7.99,,high,low,6,name.com,,,
6b6fdfd9-2bcd-46d0-a7f6-b41831cf0450,chatham.media,available,11.99,44.99,medium,low,7,namesilo,,,25/09/2026 15:25
ebbb9409-f13c-413c-96db-941621b166f1,nnw.media,premium,21.45,42.9,medium,low,3,namecheap,,,15/09/2026 16:52
81d6dd85-3a30-4143-a02a-abfe11148526,backstage.media,resell,,,high,low,9,"Chengdu West Dimension Digital Technology Co., Ltd.",26/12/2023 15:15,26/12/2026 15:15,26/09/2026 04:12
7d710a08-bc1e-4fdc-ae03-f7d746e0f791,burst.media,resell,,,high,low,5,"Chengdu West Dimension Digital Technology Co., Ltd.",05/02/2017 09:39,05/02/2027 09:39,26/09/2026 04:41
c0783f42-c088-4c72-bad8-a33e6bcb4f5d,tyres.media,available,5.98,58.98,medium,low,5,namecheap,,,20/09/2026 19:00
5105aba8-4214-4adc-9c60-e3920b57ba13,ephemeron.media,available,5.98,58.98,medium,low,9,namecheap,,,17/08/2026 10:22
8051d73b-36b2-425c-a2d2-a5118aa841d1,commands.media,available,4.63,36.56,medium,low,8,porkbun,,,28/09/2026 17:45
51c73359-f8a2-48f4-b3a9-38fc1e4406a6,intensify.media,available,5.98,58.98,high,low,9,namecheap,,,12/08/2026 19:29
83100e86-3c17-4da8-838c-762e5a658e58,nazimova.media,available,11.99,44.99,medium,low,8,namesilo,,,18/09/2026 09:38
b0de9a45-4f64-4e80-b785-4d700f5669a2,follicular.media,available,5.98,58.98,medium,low,10,namecheap,,,18/08/2026 10:20
ac2d3ecb-9c0f-465c-9e09-e3d241893d3d,genius.media,resell,,,high,medium,6,"GoDaddy.com, LLC",22/07/2014 03:56,22/07/2027 03:56,26/09/2026 06:21
9d2f3371-f026-4272-ae55-3700c78e94f9,bbc.media,resell,,,high,medium,3,"Spaceship, Inc.",16/01/2023 15:15,16/01/2027 15:15,26/09/2026 04:18
185c5825-d786-4f55-8d9f-e0a4f0c5e5bb,sisterly.media,available,5.98,58.98,high,low,8,namecheap,,,10/09/2026 08:52
10524992-b59f-47e0-9822-2f08f407c21a,ruins.media,available,11.99,44.99,low,low,5,namesilo,,,28/09/2026 12:46
08b73523-3de0-455b-a36d-68887a0021d5,hereditary.media,available,5.98,58.98,high,low,10,namecheap,,,
99ac3b4c-2b84-4220-b2af-9d727dce5e58,vii.media,premium,21.45,42.9,high,low,3,namecheap,,,
1290bf43-e18b-4eb9-aece-c72a80da55bb,obamacare.media,available,7.99,,medium,low,10,name.com,,,
2e07bfbc-4c6c-4380-a72a-ef475b04382e,ataraxic.media,available,5.98,58.98,low,low,8,namecheap,,,07/08/2026 12:49
23324d56-c917-45a9-bb56-12b9d8c91d49,angelique.media,available,11.99,44.99,high,low,9,namesilo,,,19/09/2026 05:58
5efce7cf-c5b0-4e86-9076-18390df3e120,lapsing.media,available,5.98,58.98,medium,low,7,namecheap,,,09/09/2026 16:15
5196b8c5-45ff-471f-8223-4bc9096ba73f,exoteric.media,available,5.98,58.98,medium,low,8,namecheap,,,17/08/2026 17:44
a9d5f6ce-4ebb-4505-89a5-b7396276439c,spoken.media,resell,,,high,low,6,"Sav.com, LLC - 26",21/12/2025 15:15,21/12/2026 15:15,28/09/2026 00:14
43bc83aa-a544-4885-8a32-2fbc01d2b0d0,seasick.media,available,5.98,58.98,medium,low,7,namecheap,,,
a0e28296-ae01-4c85-bb2c-8be93af7d2c5,vere.media,available,11.99,44.99,medium,low,4,namesilo,,,29/09/2026 04:28
9b8f869a-0e4c-45b1-b406-e22f8e738dd4,systematically.media,available,7.99,,medium,low,14,name.com,,,
3978a22b-3ac1-40d9-ae8b-ca36fb57df1b,relapsing.media,available,5.98,58.98,medium,low,9,namecheap,,,09/09/2026 16:17
afd3e647-2b9b-4c47-ad56-6d304334a613,augustine.media,available,11.99,44.99,high,low,9,namesilo,,,21/09/2026 04:01
8012502e-6b1b-41a0-8320-5145a6c6dc6f,paris.media,resell,,,high,low,5,"Chengdu West Dimension Digital Technology Co., Ltd.",09/02/2021 12:13,09/02/2027 12:13,26/09/2026 08:02
0ff937d5-89c4-44bd-9a5c-b99f3fcdc72d,aureole.media,available,11.99,44.99,high,low,7,namesilo,,,21/09/2026 04:18
6da61fab-ab14-4f89-a6cf-a7971d01f3b4,subarctic.media,available,5.98,58.98,medium,low,9,namecheap,,,10/09/2026 23:36
2053a714-4d41-4c2a-8d5e-63c3868c6bf2,zippy.media,resell,,,high,low,5,"Sav.com, LLC - 42",20/09/2025 15:15,20/09/2027 15:15,26/09/2026 10:17
9c3513d4-b8b0-4e2d-86ee-81bf192b3b8b,bioscience.media,available,5.98,58.98,high,low,10,namecheap,,,23/09/2026 18:59
e03edd28-b7ed-4a08-86eb-ba77e088a8cd,drum.media,resell,,,high,low,4,"Spaceship, Inc.",03/06/2026 21:51,03/06/2027 21:51,26/09/2026 05:42
35ac790f-2f61-45ed-ab4d-a8b3d563dc5c,albescent.media,available,5.98,58.98,medium,low,9,namecheap,,,
13f3e74a-0fe8-4b86-9883-fd2d4b03ba7d,unbecoming.media,available,5.98,58.98,medium,low,10,namecheap,,,22/08/2026 02:19
ac5e74b7-f5fd-4645-afe9-e5e1edd1e4de,sugarless.media,available,11.99,44.99,medium,low,9,namesilo,,,19/09/2026 15:11
cc06599d-9105-4b41-87b8-a036d3f2879d,unsheathed.media,available,5.98,58.98,medium,low,10,namecheap,,,12/09/2026 19:47
3a133143-58f4-406b-8ea4-343ea1cf1761,culturally.media,available,5.98,58.98,medium,low,10,namecheap,,,14/09/2026 09:57
2da21d00-d663-410a-bad6-8cb42801eb7e,gifts.media,premium,242,242,medium,low,5,namesilo,,,25/09/2026 17:25
b0d3b3cc-ebf2-4875-8a59-8340e35c622b,congenial.media,available,5.98,58.98,high,low,9,namecheap,,,12/08/2026 21:38
f034d99e-0680-4b1c-b269-7b0fe63aa97d,baize.media,available,5.98,58.98,medium,low,5,namecheap,,,21/09/2026 19:59
888fd0c9-eda2-44ad-be46-befbb94675a3,beliefs.media,available,11.99,44.99,medium,low,7,namesilo,,,28/09/2026 17:24
45f019b6-a4b9-4ac3-bde6-c087e98382d8,jangling.media,available,5.98,58.98,medium,low,8,namecheap,,,22/08/2026 12:19
11f45f68-2300-4798-8a44-1dfa55089cb2,important.media,available,11.99,44.99,high,low,9,namesilo,,,22/09/2026 13:54
22e04932-9d9a-491d-aaa1-48e8c2b25973,perfumed.media,available,5.98,58.98,high,low,8,namecheap,,,08/09/2026 16:58
b55d70c2-ee46-46fb-99df-134f962f977a,horrify.media,available,11.99,44.99,medium,low,7,namesilo,,,18/09/2026 01:56
67cdd7a0-0171-4811-b63a-996daba44edf,primate.media,available,11.99,44.99,high,low,7,namesilo,,,20/09/2026 02:39
3cf91ea4-a3bd-4f0d-bd31-fec394f76b1c,forge.media,resell,,,high,medium,5,"GoDaddy.com, LLC",23/09/2014 02:21,23/09/2027 02:21,26/09/2026 06:12
46843d34-baf7-4297-bc03-58f80c8aac07,perforation.media,available,7.99,,medium,low,11,name.com,,,
ab34f4ea-05c3-4a27-9b11-595ae99a094b,doggedly.media,available,5.98,58.98,medium,low,8,namecheap,,,14/09/2026 13:33
26d785fa-d64a-472e-a706-8034d5ea56a4,unsettled.media,available,5.98,58.98,medium,low,9,namecheap,,,12/09/2026 19:22
33c125ca-f7b0-4eef-92c8-812c4b68de3f,asiatic.media,available,5.98,58.98,medium,low,7,namecheap,,,07/08/2026 02:29
d4749f58-2b24-481b-ad7d-4b541ce78cba,mulish.media,available,5.98,58.98,low,low,6,namecheap,,,21/08/2026 00:45
f257942a-e102-48ee-8055-deab66119eb3,frore.media,available,5.98,58.98,low,low,5,namecheap,,,18/08/2026 16:21
002d0c6b-5658-4f75-8a61-9a9c027fd048,crosstown.media,available,5.98,58.98,medium,low,9,namecheap,,,13/08/2026 08:13
d294f7af-8e34-450a-b6c9-ebcf38cdea5a,blending.media,available,11.99,44.99,high,low,8,namesilo,,,24/09/2026 05:51
1b701fcd-b49a-4a15-88a1-cd6a79df63e7,alleged.media,available,11.99,44.99,high,low,7,namesilo,,,22/09/2026 01:19
df976b19-a60c-42e2-8ca3-2afae28e17d6,ballad.media,available,5.98,58.98,high,low,6,namecheap,,,22/08/2026 21:27
c154c0a6-9d55-4e65-a1aa-52cf9c711fce,dorsal.media,available,5.98,58.98,high,low,6,namecheap,,,
309e12be-cf05-4d4c-a304-f4c2c6819b5b,sequent.media,available,5.98,58.98,medium,low,7,namecheap,,,
42c9b2a8-a26d-4ec1-80a8-981616551a0e,angularity.media,available,11.99,44.99,medium,low,10,namesilo,,,19/09/2026 07:43
2ece9e43-7774-49c9-bad9-66bd4013411b,bacteria.media,available,11.99,44.99,high,low,8,namesilo,,,21/09/2026 16:28
abcae346-00b0-4743-8097-07d4e085f689,undisciplined.media,available,7.99,,medium,low,13,name.com,,,
3ca76fc2-6205-4b8a-83e8-18771a32ff03,apia.media,available,11.99,44.99,medium,low,4,namesilo,,,19/09/2026 17:18
a469acba-9400-40e9-8e27-dcff5f459606,verdant.media,available,5.98,58.98,high,low,7,namecheap,,,13/09/2026 02:22
2c67791a-5e9f-44f3-bea6-fc50a0768f17,specimen.media,available,11.99,44.99,high,low,8,namesilo,,,28/09/2026 03:06
8729c9e2-2684-46c6-beea-d0d1d55e7fa1,domination.media,available,11.99,44.99,high,low,10,namesilo,,,24/09/2026 23:26
b9af28b3-31cb-4aac-8881-0288d36826b7,philanthropic.media,available,7.99,,high,low,13,name.com,,,
25641e06-6b4e-422b-9aef-4a839b09afb8,divorced.media,available,5.98,58.98,medium,low,8,namecheap,,,14/08/2026 14:01
fd0a9104-264c-434e-8335-53ab560210cd,flabby.media,available,5.98,58.98,medium,low,6,namecheap,,,18/08/2026 06:05
cfbce01b-ce1f-42c4-b342-fab2f7faf641,dishcloth.media,available,11.99,44.99,medium,low,9,namesilo,,,24/09/2026 22:40
2a2ba156-ab4a-4a03-85fa-bddecec39738,westport.media,available,11.99,44.99,medium,low,8,namesilo,,,28/09/2026 08:11
72b1bd10-7996-4c7e-b6c3-9cb9a834764d,currently.media,available,11.99,44.99,medium,low,9,namesilo,,,28/09/2026 14:29
4e9bb809-00c8-4766-a266-6da733c7436b,socialised.media,available,5.98,58.98,medium,low,10,namecheap,,,10/09/2026 13:14
866b9adb-e394-439f-9319-83a14854442a,tawdry.media,available,5.98,58.98,medium,low,6,namecheap,,,12/08/2026 03:29
e30b8e2a-9f8e-43dc-9080-0759f51c162c,ibuprofen.media,available,11.99,44.99,high,low,9,namesilo,,,17/09/2026 11:14
523ed902-1c3d-4e3e-a8d8-9dec093b527a,shales.media,available,11,,low,low,6,unstoppable,,,28/09/2026 17:57
f5ca926b-8bb6-482d-b83b-3f3f15d14c11,charming.media,available,5.98,58.98,high,low,8,namecheap,,,12/08/2026 02:36
7c623a1d-28bf-4e4f-ac9b-2bec31465b3e,ballplayer.media,available,11.99,44.99,medium,low,11,namesilo,,,21/09/2026 23:25
f06514de-01b7-42ee-ba72-8c4e04f258c9,foretoken.media,available,5.98,58.98,medium,low,9,namecheap,,,21/09/2026 03:42
e712230f-ef23-42a9-bc77-ab72f9293aed,briss.media,available,5.98,58.98,medium,low,5,namecheap,,,23/09/2026 09:30
85d50db2-7c93-4ff4-8d97-4203b1b2c2b0,teenaged.media,available,11.99,44.99,medium,low,8,namesilo,,,19/09/2026 04:34
5a0b40fd-cfa4-4d85-b47f-4518e686b003,laughed.media,available,11.99,44.99,medium,low,7,namesilo,,,28/09/2026 12:59
1d2e6dfe-442a-40d6-b783-5496f2a372a8,savoury.media,available,5.98,58.98,high,low,7,namecheap,,,25/08/2026 08:52
2cbeef08-bcf9-44c3-a52b-19a50fb38b91,lithuania.media,available,,,high,high,9,,,,
4ee1e37a-6de4-41f5-94cc-42c6769e2322,girdle.media,available,11.99,44.99,medium,low,6,namesilo,,,24/09/2026 15:02
1122ac14-f304-4543-80a1-d7b9037c8efa,overlooked.media,available,5.98,58.98,medium,low,10,namecheap,,,04/09/2026 21:04
6d097db1-6fd3-4399-810b-c58b60bf3cf3,touchable.media,available,5.98,58.98,medium,low,9,namecheap,,,11/09/2026 07:57
20b39fb5-89f8-4057-97f4-145bc1520519,orchestral.media,available,5.98,58.98,high,low,10,namecheap,,,04/09/2026 17:42
432a8936-67f9-44ec-9a2d-7dde829ddf3e,nor.media,available,,,high,low,3,,,,
2274cad5-8d77-4f04-9180-c68a20847c72,marx.media,resell,,,high,low,4,"Sav.com, LLC - 47",31/08/2025 15:15,31/08/2027 15:15,26/09/2026 07:27
664a98df-7343-4a84-8e84-f7995fe44937,putin.media,available,11.99,44.99,medium,low,5,namesilo,,,28/09/2026 02:59
fe0fa087-6c48-4ca2-8fc2-630769f1e174,lxii.media,available,5.98,58.98,medium,low,4,namecheap,,,
b9e99645-a3dc-4d55-88ec-bacca87b8adb,descent.media,available,5.98,58.98,high,low,7,namecheap,,,08/09/2026 13:07
fbb7a09f-b7a4-4b06-87e0-d5158f8a176b,playing.media,available,11.99,44.99,high,low,7,namesilo,,,28/09/2026 16:27
b85a5579-2dae-4eb3-83b2-08f871c6ebcb,armor.media,resell,,,high,low,5,"Sav.com, LLC - 41",02/04/2026 15:16,02/04/2027 15:16,26/09/2026 04:01
032f58eb-1670-4834-ad24-e73b89ec6808,savagery.media,available,11.99,44.99,medium,low,8,namesilo,,,22/09/2026 04:29
f2b294f2-3510-4bdd-9a5a-ea2dcdfada47,respiratory.media,available,7.99,,high,low,11,name.com,,,
3736a3e8-7687-4e64-9f27-fce7d8382a79,prose.media,resell,,,high,low,5,"Sav.com, LLC - 2",20/05/2026 15:15,20/05/2027 15:15,26/09/2026 08:23
69ed546d-7540-4841-9c70-9b2f71c7d467,brummell.media,available,11.99,44.99,medium,low,8,namesilo,,,22/09/2026 22:01
ee5310f9-db99-44f3-b25a-0081a1eaa3c1,vodka.media,premium,46.2,92.4,high,low,5,namecheap,,,
1af2a277-2740-4d94-9c89-d002ca92071d,discipline.media,available,11.99,44.99,high,low,10,namesilo,,,19/09/2026 11:34
36cc807f-0037-4548-9b2f-07e86953a8c9,adherence.media,available,11.99,44.99,high,low,9,namesilo,,,17/09/2026 07:58
2643e881-35c7-4d9e-9ad0-ab7ced029d33,violating.media,available,5.98,58.98,low,low,9,namecheap,,,29/09/2026 05:13
f4dac3b7-8821-4099-aa64-0591ffa750f0,flowing.media,available,5.98,58.98,high,low,7,namecheap,,,18/08/2026 09:11
513f7691-e7cb-4c00-bf05-b1e099766dac,footloose.media,available,5.98,58.98,high,low,9,namecheap,,,18/08/2026 10:46
36f45c14-6106-4dcb-a10a-a3e43211f954,capital.media,resell,,,high,medium,7,"Sav.com, LLC",20/07/2014 23:37,20/07/2027 23:37,28/09/2026 05:00
27ffeda0-8504-4f4f-b571-22ed314cbf76,warn.media,available,5.38,36.43,high,low,4,spaceship,,,28/09/2026 03:18
4a7e9148-e46b-4184-a75b-fb79e90cc33e,clutch.media,resell,,,high,low,6,,,,28/09/2026 09:23
768722a7-c066-4085-9c2d-8a8e72d062aa,batik.media,available,11.99,44.99,high,low,5,namesilo,,,22/09/2026 14:02
ea129107-df3b-4724-9a31-2b4badd29532,cords.media,available,5.98,58.98,medium,low,5,namecheap,,,24/09/2026 18:14
0ecf993b-ac04-472c-8ea3-39f478bd12e7,barnes.media,premium,64.35,128.7,high,low,6,namecheap,,,25/09/2026 21:08
88241184-ef6e-48fd-b631-c0f1577ab41a,dissolver.media,available,5.98,58.98,medium,low,9,namecheap,,,10/09/2026 13:52
4bbec4b4-66ff-4f77-89b6-61d563535886,approving.media,available,5.98,58.98,medium,low,9,namecheap,,,06/08/2026 08:49
58df2df6-5ebb-43b2-b626-34a4416bd4b5,dataflow.media,available,5.98,58.98,high,low,9,namecheap,,,04/09/2026 04:48
017920be-add7-4602-b25c-5a05462ba7d6,arachis.media,available,5.98,58.98,medium,low,7,namecheap,,,19/09/2026 23:37
340ab83f-4a98-4daa-9878-fae077b454fe,attachable.media,available,5.98,58.98,medium,low,10,namecheap,,,07/08/2026 15:36
fcc9ee11-16a7-4bf4-82eb-1c08ba103e9b,untrue.media,available,11.99,44.99,medium,low,6,namesilo,,,26/09/2026 03:18
961c9bd5-5c38-4be6-b7bf-543ffe7de7fe,trollope.media,available,11.99,44.99,medium,low,8,namesilo,,,19/09/2026 13:43
dbae5ed9-e528-4cc5-be07-0414090dc5f9,mistrust.media,available,11.99,44.99,high,low,8,namesilo,,,24/09/2026 23:12
aa41b76e-2caf-4715-96dc-2929bfab09e6,nates.media,available,5.98,58.98,medium,low,5,namecheap,,,09/08/2026 10:31
8b7b6822-527a-4ce4-98c8-01340f8fc5d4,ascot.media,available,11.99,44.99,high,low,5,namesilo,,,20/09/2026 13:27
7de7af64-0527-4521-9cdc-58d1a08df84a,highness.media,available,35.2,35.2,high,low,8,cloudflare,,,28/09/2026 14:27
bcc6aaf8-bddb-4f95-9fb1-e52d148b8e51,migrator.media,available,5.98,58.98,medium,low,8,namecheap,,,24/08/2026 22:51
0589cdd8-383e-4e48-bc31-2d85bbb08280,unitary.media,available,5.98,58.98,high,low,7,namecheap,,,12/09/2026 13:58
c59dfd84-4ef3-4ab1-af3a-fe66f270591d,veinal.media,available,5.98,58.98,low,low,6,namecheap,,,13/09/2026 01:51
b57cc343-c248-49f1-88f4-6e07939db0ed,swedish.media,premium,64.35,128.7,high,low,7,namecheap,,,11/09/2026 05:29
b3720d85-a5bc-4a1f-af9b-b523aefea589,sore.media,available,5.98,58.98,high,low,4,namecheap,,,
36ba98c6-afac-4fcd-a01b-ddaa6b6d9cdd,minutely.media,available,5.98,58.98,medium,low,8,namecheap,,,15/09/2026 15:04
ec180e43-c9e0-41b2-848c-017fdc8a1231,participle.media,available,5.98,58.98,medium,low,10,namecheap,,,08/09/2026 02:05
a8fd2d03-c573-4f1f-ae69-1d9bfecdfbee,binaural.media,available,5.98,58.98,medium,low,8,namecheap,,,09/08/2026 18:40
275a2580-66c4-400d-b6c6-93442212f04e,replacement.media,available,7.99,,high,low,11,name.com,,,
a3f82c9b-fefd-46a4-b5b5-d774fccd8fe2,daydreams.media,available,5.98,58.98,medium,low,9,namecheap,,,19/09/2026 21:17
b3ecc42a-4b57-42fa-b6a3-c39f335ee2c6,protozoan.media,available,5.98,58.98,medium,low,9,namecheap,,,09/09/2026 04:12
bce931aa-ba13-4874-aeb6-aab32cb8a58c,adjutant.media,available,11.99,44.99,medium,low,8,namesilo,,,17/09/2026 08:35
5637645b-59a1-4954-9c54-ca0cc2a05aba,anagrams.media,available,5.98,58.98,high,low,8,namecheap,,,19/09/2026 01:29
b8600dfb-0dfa-46d7-bc32-251b5914cecf,nomadic.media,resell,,,high,low,7,Dynadot Inc,08/08/2026 17:00,08/08/2027 17:00,26/09/2026 07:48
e9231d8d-892b-4817-9c07-5eda54015dc7,spelling.media,available,11.99,44.99,high,low,8,namesilo,,,28/09/2026 03:07
f472ede0-7fc9-4094-8bb3-f28305ac0228,tangled.media,available,5.98,58.98,medium,low,7,namecheap,,,11/09/2026 07:59
ef0be8cc-0999-4a70-bfa9-e1acd35bb676,charm.media,resell,,,high,low,5,"Chengdu West Dimension Digital Technology Co., Ltd.",10/12/2021 13:15,10/12/2026 13:15,26/09/2026 04:52
1cef7254-fe96-4c7a-951c-f35d78672b46,donegal.media,available,5.38,36.43,medium,low,7,spaceship,,,28/09/2026 21:57
3a8ed3c2-ef4e-4bf5-8ee4-ed1ab93c0519,victory.media,resell,,,high,low,7,"Chengdu West Dimension Digital Technology Co., Ltd.",15/11/2018 15:51,15/11/2026 15:51,26/09/2026 09:59
5affa6a1-c3e2-4a1d-8bb2-8a485182f507,terrorists.media,available,11.99,44.99,low,low,10,namesilo,,,27/09/2026 03:16
3f413271-56ed-435e-b8b6-669b6ace814b,factories.media,available,11.99,44.99,high,low,9,namesilo,,,20/09/2026 05:09
7d6e50cf-957f-427b-a652-d12e73ec4f25,coin.media,resell,,,high,medium,4,"Sav.com, LLC",20/07/2014 20:18,20/07/2027 20:18,26/09/2026 05:06
d60a1955-b0bf-4714-9a43-85532e2a1bed,bianca.media,available,11.99,44.99,medium,low,6,namesilo,,,28/09/2026 17:40
d62b4955-e427-47e5-a3dc-4a95fe794a41,bernice.media,available,5.38,36.43,medium,low,7,spaceship,,,28/09/2026 21:58
2dff2d7c-9328-427a-9a07-011b0a6b4c92,wittily.media,available,11.99,44.99,medium,low,7,namesilo,,,16/09/2026 11:35
6f70727e-21bd-4ef0-b9c4-115eae416704,didrikson.media,available,5.98,58.98,medium,low,9,namecheap,,,21/09/2026 12:34
d476b5b9-5141-4a6f-a42c-150fdbdb51ef,debra.media,available,35.2,35.2,medium,low,5,cloudflare,,,28/09/2026 16:29
b9b0528b-fc67-4824-94af-a9857ed241fd,solidified.media,available,5.98,58.98,medium,low,10,namecheap,,,10/09/2026 13:41
09197123-9185-472e-a615-80354a0b7d98,enters.media,available,11.99,44.99,low,low,6,namesilo,,,28/09/2026 17:22
44779fcc-1456-4f71-9fb3-6c08e2b818f6,furred.media,available,5.98,58.98,medium,low,6,namecheap,,,18/08/2026 18:52
0d6f478b-fb1c-42c7-83ea-5c366944c7a6,isotonic.media,available,5.98,58.98,medium,low,8,namecheap,,,22/08/2026 11:18
5191e24d-940f-41b0-bfe6-873350cc145d,byrd.media,available,11.99,44.99,high,low,4,namesilo,,,17/09/2026 08:47
3b55dddb-a5e5-4b0a-a449-87fce316718a,binger.media,available,5.98,58.98,medium,low,6,namecheap,,,23/09/2026 17:33
cecad73b-b7fb-4e3b-b92f-a608cad12c2c,aerides.media,available,11.99,44.99,medium,low,7,namesilo,,,17/09/2026 12:51
be9a9a97-1bb1-4d74-a479-86dd2d3875da,linnaeus.media,available,35.2,35.2,medium,low,8,cloudflare,,,28/09/2026 05:24
66dcb8f1-16c0-410c-9bd7-b66856828d07,fraternal.media,available,5.98,58.98,high,low,9,namecheap,,,10/08/2026 03:44
6a97e1a7-13c4-4a46-b467-03d02d7441c5,exhausting.media,available,5.98,58.98,medium,low,10,namecheap,,,14/08/2026 18:21
d1c300bf-cd07-4409-9f0e-8b4c28f3631c,windflower.media,available,11.99,44.99,high,low,10,namesilo,,,19/09/2026 05:19
ce618b0d-d278-462e-abeb-f97b94687050,fingers.media,available,7.99,,medium,low,7,name.com,,,
6870e33c-78a0-4100-8b1a-21e49dbc1a1f,equivalence.media,available,11,,medium,low,11,unstoppable,,,28/09/2026 21:10
97dd3fd3-a977-4899-a227-b6fa691b52ba,actinon.media,available,5.98,58.98,medium,low,7,namecheap,,,
9686ce7d-5f9d-4213-ba1a-5dd04ef8ccce,pixilated.media,available,5.98,58.98,low,low,9,namecheap,,,09/08/2026 15:41
dc893c03-fe6a-4a58-9220-b67128f28a75,impaired.media,available,5.98,58.98,medium,low,8,namecheap,,,21/08/2026 21:40
b1cd98bc-6103-48e6-8607-143f0425e7dd,round.media,resell,,,medium,low,5,"DNSPod, Inc.",10/03/2021 18:12,10/03/2027 18:12,26/09/2026 08:44
a8851160-b50d-47c7-ac13-6a09aabcac1a,beach.media,resell,,,high,low,5,"Chengdu West Dimension Digital Technology Co., Ltd.",14/05/2020 08:26,14/05/2027 08:26,29/09/2026 01:36
79a2fa90-ed58-4fc5-b485-1469d3dfdbd0,european.media,premium,118.8,118.8,high,low,8,namesilo,,,24/09/2026 15:26
c7f4de42-55bc-4218-a8c4-8baaf6d2f965,tahitian.media,available,5.98,58.98,high,low,8,namecheap,,,11/09/2026 07:06
71907c3f-80eb-47be-8080-5990b89f47b4,husky.media,available,,,high,medium,5,,,,
a9534f6b-3bdc-49aa-916d-ee222b642dac,definitively.media,available,7.99,,medium,low,12,name.com,,,
50b2973b-65b6-493e-9d1b-023e77e20080,knackered.media,available,5.98,58.98,medium,low,9,namecheap,,,22/08/2026 16:23
b7c37211-5e95-46cb-a6ec-242c5058fe34,dully.media,available,5.98,58.98,low,low,5,namecheap,,,14/09/2026 14:43
e721d741-83fd-45b6-8917-7f2b98d5aad4,coexisting.media,available,5.98,58.98,medium,low,10,namecheap,,,12/08/2026 15:32
5f8ac9e4-e529-4960-b9e5-eea94d98fac4,linked.media,resell,,,high,low,6,"Global Domains International, Inc. DBA DomainCostClub.com",14/12/2025 15:15,14/12/2026 15:15,26/09/2026 07:15
c52759bf-3f46-441f-b062-da1f5fc2ade4,bionics.media,available,11.99,44.99,high,low,7,namesilo,,,23/09/2026 18:40
2b9da9a8-4669-4cb1-8673-426e389e3191,planetal.media,available,5.98,58.98,medium,low,8,namecheap,,,08/09/2026 20:42
20148735-291c-40a5-b15e-bff1cfe6de6f,damon.media,available,5.38,36.43,medium,low,5,spaceship,,,28/09/2026 18:52
58b595e6-2175-4926-b048-208ab5013890,flier.media,available,5.98,58.98,high,low,5,namecheap,,,11/08/2026 05:10
8eb79fca-df35-4f20-b6b1-9db2a7fad4e4,monkfish.media,available,11.99,44.99,medium,low,8,namesilo,,,18/09/2026 11:42
451515e6-ac8e-459f-8eba-c0a7cbde4dbf,abraham.media,resell,,,high,low,7,"Sav.com, LLC - 20",18/03/2026 15:15,18/03/2027 15:15,26/09/2026 01:19
c4871abc-6c76-4207-a747-7739afa801fc,acetal.media,available,11.99,44.99,medium,low,6,namesilo,,,16/09/2026 23:47
9dce903b-27cb-45ad-b6fc-3ccf4a9e3caa,ascendable.media,available,5.98,58.98,medium,low,10,namecheap,,,07/08/2026 00:35
54d4923a-6efb-46bc-acb1-92c02eb13487,toothsome.media,available,5.98,58.98,medium,low,9,namecheap,,,14/08/2026 00:24
685ac9a0-51ad-4cc4-a50a-5c9207991436,althaea.media,available,11.99,44.99,medium,low,7,namesilo,,,18/09/2026 14:53
2c0bab8c-98a6-4e9c-8e8b-21722fed0a4b,cracking.media,available,11,58.98,high,low,8,unstoppable,,,28/09/2026 05:52
ccc66e17-136f-4553-9a44-e8f62fa42796,informant.media,available,11,,high,low,9,unstoppable,,,28/09/2026 14:31
54977cca-0eaf-4f15-8277-32aff4b0dc25,attract.media,available,7.99,,high,low,7,name.com,,,
ee7abe2e-f5d0-409b-ab86-6df2a53b07fc,undyed.media,available,5.98,58.98,medium,low,6,namecheap,,,12/09/2026 02:08
455d644d-3b66-4c60-9485-143c65b1bb9e,leith.media,available,4.63,36.56,medium,low,5,porkbun,,,28/09/2026 16:45
cd8ab15b-f3e4-4c27-8515-448ff14d5470,basseterre.media,available,11.99,44.99,medium,low,10,namesilo,,,22/09/2026 12:18
75d2be01-68d1-4ac1-afb5-821d33d13bf4,vertically.media,available,7.99,60.99,medium,low,10,name.com,,,16/09/2026 10:53
1bc3b029-d1cc-4440-8290-a6b9726d82fb,syncarpous.media,available,5.98,58.98,medium,low,10,namecheap,,,11/09/2026 06:11
02f1f237-c9d0-4664-bf83-bd2f27a651e2,genoese.media,available,5.98,58.98,high,low,7,namecheap,,,18/08/2026 21:48
db1e7d26-cd12-4e23-82fb-5d631dde1213,shell.media,available,,,high,medium,5,,,,
a697d2e4-e823-4862-aebb-b8fd60454979,bombay.media,available,11,,medium,low,6,unstoppable,,,29/09/2026 00:15
45ed3003-db01-4ce5-9b42-7071ee2cc536,endorsement.media,available,4.5,37.67,high,low,11,dynadot,,,29/09/2026 04:49
d5339a0b-18af-4eaf-a565-ee444cbe4d39,rides.media,available,11.99,44.99,high,low,5,namesilo,,,17/09/2026 06:42
25fe9ffb-d4c0-44f4-82ef-74172602a990,rimed.media,available,5.98,58.98,medium,low,5,namecheap,,,09/09/2026 17:39
85b94b3f-f841-43be-ac4d-c522651a1722,spaciously.media,available,5.98,58.98,medium,low,10,namecheap,,,16/09/2026 00:04
19a200a4-5988-4053-853f-326e81aa452f,excites.media,available,5.98,58.98,medium,low,7,namecheap,,,20/09/2026 13:19
b7b0299f-59f2-40b5-9bf8-9e1d95f6aca0,nefarious.media,available,5.98,58.98,medium,low,9,namecheap,,,03/09/2026 14:57
45e69a0e-652b-4038-ac6c-9a151ec05121,poultry.media,available,11.99,44.99,high,low,7,namesilo,,,24/09/2026 23:24
5cd743b7-7d3c-45d2-b25e-067e002190d9,complexity.media,available,11.99,44.99,high,low,10,namesilo,,,24/09/2026 16:49
d34a6366-34a4-45da-8a17-f86da1b940ab,trilingual.media,available,5.98,58.98,high,low,10,namecheap,,,11/09/2026 19:48
f4de9fcf-fef0-4ea9-8730-3708f6d0b5e0,accord.media,resell,,,high,low,6,"DNSPod, Inc.",13/06/2023 15:15,13/06/2027 15:15,26/09/2026 01:20
1031d1a8-3216-4e52-824b-bce8d6736b64,niggers.media,available,5.98,58.98,low,low,7,namecheap,,,16/09/2026 14:20
3b38e3e2-18f4-4f23-ac88-d881221cddf7,carryforward.media,available,11.99,44.99,medium,low,13,namesilo,,,16/09/2026 06:47
7786af3b-8c07-4abd-8762-9251fde6f425,feasting.media,available,11.99,44.99,high,low,8,namesilo,,,22/09/2026 03:07
ebe1ccee-d49c-4583-9851-90869ef68b3b,demonstrate.media,available,11,,high,low,11,unstoppable,,,28/09/2026 11:13
d9c602be-6c95-49d5-ba31-cb2519f7578f,gould.media,available,5.98,58.98,high,low,5,namecheap,,,25/09/2026 06:39
f211a4e4-1c75-442b-a0d3-ad777dd8ed41,dodgy.media,available,5.98,58.98,medium,low,5,namecheap,,,12/08/2026 01:46
4c8a823b-42c7-4372-b746-b1e5426ea43d,anhydrous.media,available,5.98,58.98,medium,low,9,namecheap,,,
55d7900c-f9b0-4e70-91d6-2187fc49e422,betatron.media,available,11.99,44.99,medium,low,8,namesilo,,,23/09/2026 11:04
6382fc40-033e-488f-8b2c-7c60a17dd1f6,nullified.media,available,5.98,58.98,medium,low,9,namecheap,,,22/08/2026 08:56
4a517519-4f13-4d10-b9d5-21b8aa9c8210,separate.media,available,11.99,44.99,high,low,8,namesilo,,,24/09/2026 11:16
93d98611-e022-4016-9636-67bcd984fd4f,lone.media,resell,,,medium,low,4,,,,28/09/2026 22:59
14a33ba7-3c6c-4529-87a1-3fbac8489d61,bachelor.media,available,11.99,44.99,high,low,8,namesilo,,,29/09/2026 00:12
dc1283b4-c288-4680-ab92-7f24e15392fd,broadwise.media,available,5.98,58.98,medium,low,9,namecheap,,,14/09/2026 01:26
f7cab4d8-560c-4bed-97eb-cfa5f5fa8ed3,countries.media,available,7.99,,medium,low,9,name.com,,,
0f3ac421-328b-4794-acb0-64a69b92d1ad,stinking.media,available,5.98,58.98,medium,low,8,namecheap,,,13/08/2026 05:16
8d04b038-1bd7-4332-861d-829434b17c04,sixth.media,available,5.98,58.98,high,low,5,namecheap,,,
17f287e9-0706-4b7b-9325-1aa4429c49a7,jerky.media,available,5.98,58.98,high,low,5,namecheap,,,06/08/2026 22:03
84ad989a-45be-4388-bd1c-be26c919b13c,codified.media,available,5.98,58.98,medium,low,8,namecheap,,,12/08/2026 15:19
91b1d986-6d92-4126-b8f7-6cbd82a697e1,acridid.media,available,11.99,44.99,medium,low,7,namesilo,,,17/09/2026 02:59
df83db38-d22b-4f13-a8aa-46eebe52c3e4,underdone.media,available,5.98,58.98,medium,low,9,namecheap,,,12/09/2026 07:24
57323130-a297-4072-9eb1-2620052c7076,hashtag.media,resell,,,high,low,7,"Blue Razor Domains, LLC",23/07/2014 16:00,23/07/2027 16:00,26/09/2026 06:35
50e2d6ed-2df5-4780-a297-a36a015dabdd,hui.media,premium,78.54,78.54,high,low,3,namesilo,,,27/09/2026 07:46
52fc7862-ab9e-4f5d-8a07-b13247127d08,splay.media,available,5.98,58.98,medium,low,5,namecheap,,,10/09/2026 16:06
3d4ba187-1dba-4e0d-b1e2-0b5322792c9f,sleekly.media,available,5.98,58.98,medium,low,7,namecheap,,,16/09/2026 02:30
c19ef77f-8062-477c-81c1-be39d39dd2b0,variously.media,available,5.98,58.98,medium,low,9,namecheap,,,14/09/2026 13:23
df62188f-245c-4674-a6ff-f0d1d956a089,baneberry.media,available,11.99,44.99,medium,low,9,namesilo,,,22/09/2026 01:43
3283b647-6814-46eb-a5ca-a15abade9722,rages.media,available,11.99,44.99,low,low,5,namesilo,,,20/09/2026 11:24
d7f5793e-1d7f-4c6c-8070-726dbc83d1a1,adapa.media,available,11.99,44.99,medium,low,5,namesilo,,,17/09/2026 06:23
2feb57ca-ace0-405d-a58b-05ff80f65579,sewer.media,available,11,,medium,low,5,unstoppable,,,28/09/2026 15:19
716a9192-1127-4f7d-b908-5092de8f6e85,isosceles.media,available,5.98,58.98,medium,low,9,namecheap,,,22/08/2026 11:16
f0612f11-c67c-4f06-9913-cbc902ff9c0c,hatless.media,available,5.98,58.98,medium,low,7,namecheap,,,21/08/2026 01:20
96af44c2-049c-4df8-ba49-2e8d71de94b5,comments.media,available,11.99,44.99,medium,low,8,namesilo,,,17/09/2026 01:39
5641a166-cbef-4e1e-9e26-e9b20df1bd89,jeep.media,available,,,high,medium,4,,,,
d50663c0-fc83-462d-b610-e5fbae5b61fc,magnate.media,premium,118.8,118.8,high,low,7,namesilo,,,23/09/2026 14:16
f806212f-3fd0-4812-838a-c47267ce6d6a,gregorio.media,available,7.99,,high,low,8,name.com,,,
4ebc6669-87ec-4613-8ff9-f03bdb71173b,oceania.media,resell,,,high,low,7,,,,27/09/2026 15:02
9e6570aa-4537-4287-b508-0e210568c0d0,visits.media,available,35.2,35.2,medium,low,6,cloudflare,,,28/09/2026 13:15
9b49f019-8917-406f-aa1d-d7ec64013270,fitzgerald.media,premium,118.8,118.8,high,low,10,namesilo,,,25/09/2026 05:15
1e01a900-1d7a-4b2d-ac93-e8e7da0eeda0,adductive.media,available,5.98,58.98,medium,low,9,namecheap,,,
8aeb7f47-2118-43c8-8374-262cc552ef97,anguine.media,available,5.98,58.98,low,low,7,namecheap,,,
433c7deb-9564-49a3-b5a7-ebde076d3078,piping.media,available,5.98,58.98,medium,low,6,namecheap,,,10/09/2026 19:43
21722afd-cb4f-4613-8885-9ee9cbb03406,pci.media,premium,38.94,38.94,high,low,3,namesilo,,,28/09/2026 11:26
9f7a4fcc-75c8-40ad-acfb-8b7f9cd41baa,confusion.media,available,7.99,,high,low,9,name.com,,,
8156737e-0258-4452-9ed6-a0de65762d83,handy.media,resell,,,high,low,5,"DNSPod, Inc.",03/09/2024 17:00,03/09/2027 17:00,26/09/2026 06:34
12d88e40-acd2-4e10-9633-3ef824403a21,unflawed.media,available,5.98,58.98,medium,low,8,namecheap,,,18/08/2026 07:21
407600de-494b-4cd0-961d-392efe911536,explaining.media,available,11.99,44.99,high,low,10,namesilo,,,27/09/2026 22:18
62334d04-5725-4835-9600-dafaaec5b4b8,belem.media,available,11.99,44.99,medium,low,5,namesilo,,,23/09/2026 04:51
fe1ff47f-205a-48d0-a1f1-d554a27249d7,vow.media,premium,78.54,78.54,high,low,3,namesilo,,,28/09/2026 11:05
8681c86d-5d0d-4ef2-aa42-863f72d94be2,imposing.media,resell,,,high,low,8,Dynadot Inc,14/07/2026 17:00,14/07/2027 17:00,26/09/2026 06:49
610b9560-a581-40e3-b84d-31e3baf02e3f,trounce.media,available,5.98,58.98,medium,low,7,namecheap,,,09/08/2026 05:27
6608d835-c3a0-4b85-9ffe-b46d30364dc3,shifting.media,available,5.98,58.98,high,low,8,namecheap,,,27/09/2026 21:05
9ea7ef0c-5ab8-4c6a-81d8-5b7fb60fa441,effectual.media,available,5.98,58.98,high,low,9,namecheap,,,15/08/2026 14:20
354f360f-11b8-43a6-a98b-5e0bc4646aed,thereof.media,available,11.99,44.99,medium,low,7,namesilo,,,16/09/2026 08:41
4d6a5ace-474f-4dde-bb06-45eed96ce4c5,rapturous.media,available,5.98,58.98,high,low,9,namecheap,,,14/08/2026 23:48
3e151c23-29e6-4791-a34d-2b1781677311,unhinge.media,available,5.98,58.98,medium,low,7,namecheap,,,24/09/2026 22:50
243c5c00-bd83-4a67-a76d-58794b3f2aa0,botticelli.media,available,11.99,44.99,medium,low,10,namesilo,,,18/09/2026 05:31
d5f47071-1d3e-4334-a9c5-55e2febe4b2e,kaufman.media,available,11.99,44.99,medium,low,7,namesilo,,,25/09/2026 22:56
69e4ff7a-8a1a-4d71-b6a5-57441bf6b42d,blitt.media,available,11.99,44.99,medium,low,5,namesilo,,,21/09/2026 14:13
4592eb1a-753c-4ede-88b0-4d500841b538,maimed.media,available,5.98,58.98,medium,low,6,namecheap,,,24/08/2026 13:20
0d8b75d3-aaad-454d-bbf6-042d235d2653,comte.media,available,11.99,44.99,medium,low,5,namesilo,,,21/09/2026 03:56
c790a928-4f8e-4da0-9867-4bf91fc500f7,sinners.media,available,7.99,,medium,low,7,name.com,,,
0dfc9041-5f1d-48cd-a487-6d132be96df6,aigina.media,available,11.99,44.99,medium,low,6,namesilo,,,17/09/2026 12:15
cf8bc4cd-558d-480d-af90-49834d63afbf,firstly.media,available,11.99,44.99,medium,low,7,namesilo,,,24/09/2026 18:41
94a3e7e7-865b-4aea-9652-4453b5f647cc,arcadian.media,available,,,high,low,8,,,,
7e5fb2c8-26f0-4ce5-9e5d-f632ad1d2807,acentric.media,available,5.98,58.98,medium,low,8,namecheap,,,
56b9415c-62c3-438e-a2c2-7b8c7422f4e5,adoration.media,available,11.99,44.99,high,low,9,namesilo,,,17/09/2026 09:44
9d936c69-7ca4-4d65-a697-713103d51638,akee.media,available,11.99,44.99,medium,low,4,namesilo,,,17/09/2026 01:56
45731250-f86c-47ad-92e9-20d6064596cc,alhazen.media,available,11.99,44.99,medium,low,7,namesilo,,,18/09/2026 00:42
87d54227-f93a-4635-b3ce-3020b2492a39,animalism.media,available,11.99,44.99,medium,low,9,namesilo,,,19/09/2026 08:55
28c9aab5-6bea-489a-a373-bfb68947721e,unkempt.media,available,5.98,58.98,medium,low,7,namecheap,,,12/09/2026 14:07
08a31f98-583f-4878-a882-c6d3a4f01b2b,dopy.media,available,5.98,58.98,low,low,4,namecheap,,,14/08/2026 16:02
5b88e949-2633-45ab-95fe-f605021ecc2c,located.media,available,11.99,44.99,high,low,7,namesilo,,,25/09/2026 14:10
bbd9307b-a2ae-42b8-9bf2-df635d66b07f,edgeways.media,available,5.98,58.98,medium,low,8,namecheap,,,14/09/2026 15:04
d837e22d-64c2-4378-99c9-5d305b8a7b2d,cobb.media,available,11.99,44.99,medium,low,4,namesilo,,,28/09/2026 15:39
fb9c8eef-143e-4ce7-a4a3-f435bf260afc,topping.media,available,5.98,58.98,medium,low,7,namecheap,,,11/09/2026 17:36
7687dc60-65ff-426a-98aa-b985c66bdb22,arbitrate.media,available,5.98,58.98,high,low,9,namecheap,,,22/08/2026 08:17
681c2d5e-3f81-403a-b04e-faa2dde0a4b5,spite.media,available,5.98,58.98,medium,low,5,namecheap,,,23/09/2026 22:22
53c20fa6-566d-455e-9a84-681b4c624c61,beetling.media,available,5.98,58.98,medium,low,8,namecheap,,,09/08/2026 08:22
f74478bd-0ab9-4439-848e-1281311be99f,alluvion.media,available,11.99,44.99,medium,low,8,namesilo,,,18/09/2026 12:21
b943d8a3-a55e-4515-a166-019e3f35dc65,concisely.media,available,5.98,58.98,medium,low,9,namecheap,,,14/09/2026 08:10
31face7d-9404-4d35-be58-710d49904421,smashed.media,premium,64.35,128.7,medium,low,7,namecheap,,,09/08/2026 15:50
49061ef4-e1ae-46b3-90bf-8a5e5d9078bd,acapnia.media,available,5.98,58.98,medium,low,7,namecheap,,,16/09/2026 21:08
cb267b0b-53c6-431e-981e-a1f8595df10e,exists.media,available,11.99,44.99,medium,low,6,namesilo,,,27/09/2026 02:40
24bf3491-21ba-45ce-9003-b2e2063c1f65,bighead.media,available,11.99,44.99,medium,low,7,namesilo,,,23/09/2026 15:09
dd0e9419-4d86-478a-a974-711ec64bbddc,gestural.media,available,5.98,58.98,medium,low,8,namecheap,,,18/08/2026 22:57
7c96b08c-43a6-473c-8511-33e973c95f63,che.media,premium,99.5,,high,low,3,unstoppable,,,29/09/2026 02:51
c3a698fb-136f-423e-8d34-dc52a5c1061a,cleverness.media,available,11.99,44.99,high,low,10,namesilo,,,24/09/2026 15:36
8e1e287a-6a04-4a9b-b876-5201ddf04048,berlin.media,resell,,,high,medium,6,"Xiamen ChinaSource Internet Service Co., Ltd",05/09/2023 15:15,05/09/2027 15:15,29/09/2026 02:06
d9d46a7d-5dc2-4ac7-a00e-0c0e5f54f4ac,orphaned.media,available,5.98,58.98,medium,low,8,namecheap,,,04/09/2026 18:01
df8e6194-f5d6-4247-8bcd-2d0e9a56c8cb,abuja.media,available,7.99,60.99,medium,low,5,name.com,,,16/09/2026 18:50
f864c938-f38d-4b94-bc86-b20b5d6da75d,mordant.media,available,5.98,58.98,medium,low,7,namecheap,,,13/08/2026 02:11
a6158afc-efaf-4214-bc38-c045eb399cff,squanderer.media,available,5.98,58.98,medium,low,10,namecheap,,,09/09/2026 02:39
972c29eb-aabc-4104-8107-1a664158bd59,prosily.media,available,5.98,58.98,low,low,7,namecheap,,,15/09/2026 21:46
13cdc688-a4c8-4017-aff7-f9b94a3c769d,scarred.media,available,11.99,44.99,medium,low,7,namesilo,,,25/09/2026 17:02
4b0e3add-0945-4c40-b1dc-70cc22618f78,touring.media,available,7.99,,high,low,7,name.com,,,
e21c4b5f-6cef-4688-abb0-f51e3be2a5f7,balk.media,available,5.98,58.98,medium,low,4,namecheap,,,14/08/2026 04:55
346ffd14-4366-4055-9aff-efa7de167130,whips.media,available,11.99,44.99,medium,low,5,namesilo,,,17/09/2026 19:42
05b77559-9a34-414e-a5f9-9eedcc5de79e,geometric.media,available,5.98,58.98,high,low,9,namecheap,,,18/08/2026 22:32
372f1240-0204-459c-8ff1-c6ba4e848926,colchester.media,available,11.99,44.99,medium,low,10,namesilo,,,28/09/2026 07:50
e120727e-ab0e-4075-b3a2-873acd738759,flickering.media,available,5.98,58.98,high,low,10,namecheap,,,
4a676446-ea5e-430f-9fd6-7887b0a055ef,theresa.media,available,5.98,58.98,high,low,7,namecheap,,,17/09/2026 18:43
a2e7d978-7fae-4d87-b3cf-f8a9ad544823,octavian.media,available,11.99,44.99,medium,low,8,namesilo,,,21/09/2026 04:03
7afddcee-e6cc-4918-8f19-050302fd4ea0,donkeys.media,available,11.99,44.99,medium,low,7,namesilo,,,20/09/2026 00:20
54b2ca10-f7cf-4d17-a285-d019d602610b,ateles.media,available,5.98,58.98,medium,low,6,namecheap,,,20/09/2026 20:01
f8ef2728-d86a-4735-856a-9beb732c6c97,hilly.media,available,5.98,58.98,high,low,5,namecheap,,,13/08/2026 04:46
98a442c1-9e5b-43de-8174-6ff154c864ba,diagnostic.media,available,5.98,58.98,high,low,10,namecheap,,,14/08/2026 05:47
499ca717-2471-4927-bd7c-b2454fd6f125,locomote.media,available,5.98,58.98,medium,low,8,namecheap,,,20/08/2026 15:49
2a4d7fa9-7743-4dc1-b504-e2b1d6bf8ae7,attraction.media,resell,,,high,low,10,"Sav.com, LLC",01/06/2026 13:23,01/06/2027 13:23,28/09/2026 23:11
1d96e608-0c3b-4236-ae21-7cd749f76476,grandparents.media,available,11.99,44.99,high,low,12,namesilo,,,18/09/2026 06:12
cdad0b8c-c44d-4c9e-b385-e9744bdba469,pictures.media,resell,,,high,low,8,Dynadot Inc,11/11/2019 01:17,11/11/2026 01:17,26/09/2026 08:09
a63ee0f7-7669-4a10-8f7a-60215c96f1c5,publicity.media,available,7.99,,high,low,9,name.com,,,
cd7fe2b0-f877-4c5c-8845-cff664c82a34,convince.media,available,7.99,,high,low,8,name.com,,,
d4a401fa-9eed-423f-a8a9-9a4c2f2d49d6,astaire.media,available,11.99,44.99,medium,low,7,namesilo,,,20/09/2026 16:54
8c190188-24a0-4e06-9fbb-40caac519193,abetment.media,available,11.99,44.99,medium,low,8,namesilo,,,16/09/2026 15:17
63ddedfe-e22b-46bc-ab93-46b0018f50c2,ever.media,resell,,,high,medium,4,"Xiamen ChinaSource Internet Service Co., Ltd",06/04/2025 15:15,06/04/2027 15:15,28/09/2026 12:12
2d754dbd-edba-4196-b6ba-8326fe23fb37,rolls.media,available,11.99,44.99,high,low,5,namesilo,,,27/09/2026 07:45
857b8076-44fc-48c3-a69b-1c6e63d63d76,audubon.media,available,5.98,58.98,medium,low,7,namecheap,,,21/09/2026 03:14
4feddcb4-ebdd-45a7-b1b9-cdec7670c5f0,ariled.media,available,5.98,58.98,medium,low,6,namecheap,,,06/08/2026 19:09
b1f2e07c-8d92-445a-b348-823aee1579da,rethink.media,resell,,,high,low,7,"Chengdu West Dimension Digital Technology Co., Ltd.",30/06/2024 15:15,30/06/2027 15:15,26/09/2026 08:39
1e980c7d-336d-474e-a18d-b24a81de430c,citizens.media,available,11.99,44.99,high,low,8,namesilo,,,18/09/2026 15:13
4ace59d2-4c2b-47d6-9f1c-a61c54093828,coddle.media,available,11.99,44.99,high,low,6,namesilo,,,21/09/2026 13:03
1f7eaeb2-b7c3-4690-a671-b7f82a91dabb,potassium.media,available,11.99,44.99,high,low,9,namesilo,,,20/09/2026 22:30
20fe5abc-6b60-4358-a1df-cf4e54ba933e,complaining.media,available,35.2,35.2,high,low,11,cloudflare,,,27/09/2026 17:47
c2bb86c4-8eb0-41ea-97d8-df2a6b09d86e,fluent.media,resell,,,high,low,6,"Chengdu West Dimension Digital Technology Co., Ltd.",08/05/2022 13:15,08/05/2027 13:15,26/09/2026 06:09
2c38258b-6652-436d-b745-9d06aefe323c,oafish.media,available,5.98,58.98,medium,low,6,namecheap,,,10/08/2026 19:32
f3da5bde-15ae-4057-8de5-8d42170e3330,bonney.media,available,11.99,44.99,high,low,6,namesilo,,,23/09/2026 16:28
71912807-80a2-42a6-910a-21d267aec7e0,knocker.media,available,11.99,44.99,medium,low,7,namesilo,,,24/09/2026 22:02
62dd4cd1-e281-4088-913b-d2b53719e309,subsidiary.media,available,11.99,44.99,high,low,10,namesilo,,,22/09/2026 14:17
62629e2c-1400-4733-9cf2-4eafc802e45e,mortified.media,available,5.98,58.98,medium,low,9,namecheap,,,18/08/2026 20:17
8697a3c9-82db-4ff0-91ec-078914c6cd67,resource.media,premium,414.2,828.2,high,low,8,spaceship,,,28/09/2026 20:20
4b8ce2cc-8b05-42d3-963f-279069c39727,twinkly.media,available,5.98,58.98,medium,low,7,namecheap,,,09/08/2026 04:13
1fdfa4b2-5305-4c30-886c-e395285e2bb8,confess.media,available,7.99,,high,low,7,name.com,,,
6deec8ad-32c9-4ccd-8a84-c21a650afeed,colorless.media,available,5.98,58.98,medium,low,9,namecheap,,,12/08/2026 17:53
d4d154a3-b606-48bd-81dc-ba55c45a48b8,glowingly.media,available,5.98,58.98,medium,low,9,namecheap,,,14/09/2026 21:48
157f13fa-f028-4c17-98fd-5dd3a5f69f50,ghent.media,available,11.99,44.99,medium,low,5,namesilo,,,27/09/2026 04:10
b386a19f-ebd3-4a69-8520-cff3c5e20df4,kingston.media,resell,,,high,low,8,,,,29/09/2026 00:19
752d951b-271c-491f-9552-ffc0195bf18f,ammeter.media,available,11.99,44.99,medium,low,7,namesilo,,,18/09/2026 22:00
a7641a70-1bb0-4b9b-b309-172b4d53ba06,minimally.media,available,5.98,58.98,medium,low,9,namecheap,,,15/09/2026 15:02
6b96e2cf-cdd3-4e2f-aa87-9c5e7f35b510,quantity.media,available,7.99,,high,low,8,name.com,,,
0e60b4c4-9d49-467c-b788-39b8c24b4f1f,rivalrous.media,available,5.98,58.98,medium,low,9,namecheap,,,09/09/2026 18:06
e23e8772-d10d-4724-8004-fcdda3c60ee0,untested.media,available,5.98,58.98,medium,low,8,namecheap,,,12/09/2026 21:13
db4681e6-e042-41b8-b1a9-43035100a3a6,similarly.media,available,11.99,44.99,medium,low,9,namesilo,,,28/09/2026 16:09
93eaebba-ca98-4f55-860b-5e07d244fc2c,forensic.media,available,5.98,58.98,high,low,8,namecheap,,,08/09/2026 15:50
b1e595dc-62b0-42ad-90de-0ddb8a73fb1f,heroic.media,resell,,,high,low,6,"Chengdu West Dimension Digital Technology Co., Ltd.",08/07/2024 17:00,08/07/2027 17:00,26/09/2026 06:39
a98ccbb9-e3e0-4d36-a523-00fe65584cc0,strategy.media,resell,,,high,medium,8,"DNSPod, Inc.",02/12/2023 15:15,02/12/2026 15:15,29/09/2026 00:42
496c0cbb-8564-4077-96a8-31a837846f39,cryogenic.media,available,5.98,58.98,medium,low,9,namecheap,,,13/08/2026 09:35
183a3dc1-6e39-4d1b-ad24-68906be17964,expedite.media,premium,69.3,138.6,high,low,8,namecheap,,,
5a496040-d21d-431f-9f65-38c6b2728124,joshua.media,resell,,,high,low,6,"Sav.com, LLC - 10",24/08/2026 15:15,24/08/2027 15:15,26/09/2026 07:01
fc20f414-0252-46e2-93e8-ee0e077201b3,pillage.media,available,5.98,58.98,medium,low,7,namecheap,,,08/09/2026 21:56
4a14136c-3570-455c-ba5b-d6d629530e46,helicopters.media,available,5.38,36.43,low,low,11,spaceship,,,28/09/2026 18:00
b2af2d6b-04cb-48bd-a326-b638ed16ccd4,flagfish.media,available,5.98,58.98,medium,low,8,namecheap,,,18/09/2026 19:58
246da184-ed8f-4f0e-8a78-be6271cc7100,killed.media,available,11.99,44.99,medium,low,6,namesilo,,,17/09/2026 12:17
5f31cdc2-6e6a-4517-928b-363010fc3575,easy.media,resell,,,high,high,4,"Global Domains International, Inc. DBA DomainCostClub.com",14/06/2015 16:00,14/06/2028 16:00,28/09/2026 03:39
a9a73b72-e433-4b86-9bc8-c8576627bc9d,unaided.media,available,5.98,58.98,medium,low,7,namecheap,,,12/09/2026 00:13
25f69058-91b6-4fd6-98d7-191bb064477e,complications.media,available,11,,low,low,13,unstoppable,,,28/09/2026 13:25
040ee056-cb9c-4057-a937-9c9ff55e8921,depicted.media,available,5.98,58.98,medium,low,8,namecheap,,,14/08/2026 02:12
a31900ee-6ca3-4141-adf3-f113a46079ae,bop.media,resell,,,high,low,3,"Spaceship, Inc.",28/04/2018 03:23,28/04/2027 03:23,26/09/2026 04:33
a0b8e89f-cae7-473d-9b94-5ebe9993a5c0,chanting.media,available,11.99,44.99,high,low,8,namesilo,,,28/09/2026 18:40
b85ff459-0b1e-48ad-934e-0d95945fbcd2,jammed.media,available,5.98,58.98,medium,low,6,namecheap,,,22/08/2026 12:07
0d36dfb4-41e7-4cf7-9009-4014a7d7fbba,fannie.media,available,4.63,36.56,medium,low,6,porkbun,,,28/09/2026 12:06
56c88476-0727-4938-a62d-991111680ec5,thalassic.media,available,5.98,58.98,medium,low,9,namecheap,,,11/09/2026 12:22
a1d98819-3730-4755-9924-8b2d4214ecce,marjorie.media,available,11.99,44.99,medium,low,8,namesilo,,,29/09/2026 04:00
38443f3e-ff58-40ba-88fa-e20f3b011cbc,precambrian.media,available,11.99,44.99,medium,low,11,namesilo,,,29/09/2026 04:02
8737ffec-5bc6-4a91-8d33-c8908d68d796,churchman.media,available,5.98,58.98,medium,low,9,namecheap,,,14/08/2026 23:29
48a5a624-9247-4770-80e8-686dc54bb466,deftness.media,available,11.99,44.99,medium,low,8,namesilo,,,17/09/2026 07:43
822c97e6-a91d-4e45-aeb9-a45e08b3e850,daunting.media,available,7.99,60.99,medium,low,8,name.com,,,13/08/2026 18:48
0d990242-e4fe-4229-9a2d-7439ceda81f5,accepted.media,available,5.98,58.98,high,low,8,namecheap,,,21/09/2026 15:25
fa8a42cd-7fe7-4e72-a59a-c17487a0f60c,prisoner.media,available,5.98,58.98,medium,low,8,namecheap,,,11/08/2026 18:26
13ce7225-311f-4dd1-88c1-0873a5d3ea4b,explicable.media,available,5.98,58.98,medium,low,10,namecheap,,,17/08/2026 18:23
93d9c800-2bac-492b-9fe8-1d8ca360126f,jadestone.media,available,5.98,58.98,medium,low,9,namecheap,,,22/08/2026 11:54
7baca6b2-a4a5-4f1b-94c1-188a105bf123,pitiful.media,available,5.98,58.98,medium,low,7,namecheap,,,14/08/2026 02:27
2231dcd5-bb04-4000-9b8e-bdf47d2f9384,multiform.media,available,5.98,58.98,medium,low,9,namecheap,,,03/09/2026 10:41
052c1a19-8a6a-4ee9-a782-fa75911a7d00,boneless.media,available,5.98,58.98,medium,low,8,namecheap,,,10/08/2026 18:38
2a3a1156-257f-41d9-9494-57af6ad35ec8,memorably.media,available,5.98,58.98,medium,low,9,namecheap,,,15/09/2026 14:01
fe51ad17-c430-4c65-a892-eed1ea6ed4c1,criticism.media,available,7.99,,high,low,9,name.com,,,
8c8ecdda-bae2-4c60-b87f-d2716f8c746b,alongside.media,available,5.98,58.98,high,low,9,namecheap,,,13/09/2026 19:12
a62498ef-49f9-47b2-9a14-16eedcae1704,music.media,resell,,,high,medium,5,NameWeb BVBA,13/09/2015 16:00,13/09/2027 16:00,28/09/2026 07:33
ac9aeef9-dc14-4fc5-892e-f36e4e839f30,jealousy.media,available,11.99,44.99,medium,low,8,namesilo,,,28/09/2026 09:57
9c97934d-0e16-441c-bb74-7bbe8e1c1d82,antifungal.media,available,5.98,58.98,medium,low,10,namecheap,,,
0b6ace76-e4bb-4dcb-81a5-6f96ed3695d8,hartley.media,available,11.99,44.99,high,low,7,namesilo,,,25/09/2026 04:45
aff51648-7d8c-441a-bc67-707ca46fa655,sunroof.media,available,7.99,,high,low,7,name.com,,,
aa1597e3-ce53-4c74-9cb1-d2869a9fb65d,defective.media,available,5.98,58.98,medium,low,9,namecheap,,,13/08/2026 23:06
74aea1ce-f538-423d-9bc8-a126189b6a21,ranger.media,resell,,,high,low,6,,,,27/09/2026 03:34
66e78b5a-13d6-4b0a-91cb-3f0e255d8c19,multiphase.media,available,5.98,58.98,medium,low,10,namecheap,,,03/09/2026 10:50
7a5b742e-c204-46a5-9ce6-da4292e13c24,beignet.media,available,11.99,44.99,medium,low,7,namesilo,,,23/09/2026 04:07
44e473dd-0240-4d9a-ace8-ac907a008086,morally.media,available,5.98,58.98,medium,low,7,namecheap,,,15/09/2026 15:25
6e9ad79a-263b-461e-8908-0b4192fce0ce,gutless.media,available,5.98,58.98,medium,low,7,namecheap,,,20/08/2026 21:12
49898fc9-5497-48d6-94c7-86aaf6366606,couples.media,available,5.98,58.98,medium,low,7,namecheap,,,
7cb322dc-d138-4a89-b56e-098eba477d9b,destination.media,resell,,,high,low,11,"Chengdu West Dimension Digital Technology Co., Ltd.",17/07/2023 15:15,17/07/2027 15:15,26/09/2026 05:31
eac9b5fb-4b8d-47cb-8d92-db03cb2c4c5e,awed.media,available,5.98,58.98,medium,low,4,namecheap,,,08/08/2026 00:44
b2f6b700-4fb4-4977-aa82-33731806a023,hydrogen.media,resell,,,high,low,8,"Global Domains International, Inc. DBA DomainCostClub.com",03/01/2026 15:15,03/01/2027 15:15,26/09/2026 06:46
cc5816c9-7ed5-4fee-91f8-5e49fabaa0ac,collegiate.media,available,5.98,58.98,medium,low,10,namecheap,,,12/08/2026 17:08
ffd22f53-cf49-445d-abb8-0cef34f47786,disbelief.media,available,5.98,58.98,medium,low,9,namecheap,,,24/09/2026 22:29
dfafe995-876d-4ff0-83e2-06ef924dc6cf,olfactive.media,available,5.98,58.98,medium,low,9,namecheap,,,04/09/2026 02:13
691ae415-4e8a-4639-abf9-78371c1bfbba,musky.media,available,5.98,58.98,medium,low,5,namecheap,,,03/09/2026 11:33
1ecbdbe3-4503-4d9a-8320-b6f3286d1b1b,ringer.media,available,11.99,44.99,high,low,6,namesilo,,,23/09/2026 05:42
5a5427f7-c7c4-41d3-a6fc-d4e97ce7a1dc,baccharis.media,available,11.99,44.99,medium,low,9,namesilo,,,21/09/2026 14:00
9bc2c9bd-c519-41ca-8d09-cd13f7356f9d,baikal.media,available,5.98,58.98,medium,low,6,namecheap,,,21/09/2026 18:54
a5806744-6229-456b-889a-d9fb0e0c3918,herbert.media,available,5.38,36.43,high,low,7,spaceship,,,28/09/2026 10:02